-- MySQL dump 10.13  Distrib 5.7.14, for Win32 (AMD64)
--
-- Host: localhost    Database: gsb_frais
-- ------------------------------------------------------
-- Server version	5.7.14

/*!40101 SET @OLD_CHARACTER_SET_CLIENT=@@CHARACTER_SET_CLIENT */;
/*!40101 SET @OLD_CHARACTER_SET_RESULTS=@@CHARACTER_SET_RESULTS */;
/*!40101 SET @OLD_COLLATION_CONNECTION=@@COLLATION_CONNECTION */;
/*!40101 SET NAMES utf8 */;
/*!40103 SET @OLD_TIME_ZONE=@@TIME_ZONE */;
/*!40103 SET TIME_ZONE='+00:00' */;
/*!40014 SET @OLD_UNIQUE_CHECKS=@@UNIQUE_CHECKS, UNIQUE_CHECKS=0 */;
/*!40014 SET @OLD_FOREIGN_KEY_CHECKS=@@FOREIGN_KEY_CHECKS, FOREIGN_KEY_CHECKS=0 */;
/*!40101 SET @OLD_SQL_MODE=@@SQL_MODE, SQL_MODE='NO_AUTO_VALUE_ON_ZERO' */;
/*!40111 SET @OLD_SQL_NOTES=@@SQL_NOTES, SQL_NOTES=0 */;

--
-- Table structure for table `etat`
--

DROP TABLE IF EXISTS `etat`;
/*!40101 SET @saved_cs_client     = @@character_set_client */;
/*!40101 SET character_set_client = utf8 */;
CREATE TABLE `etat` (
  `id` char(2) NOT NULL,
  `libelle` varchar(30) DEFAULT NULL,
  PRIMARY KEY (`id`)
) ENGINE=InnoDB DEFAULT CHARSET=latin1;
/*!40101 SET character_set_client = @saved_cs_client */;

--
-- Dumping data for table `etat`
--

LOCK TABLES `etat` WRITE;
/*!40000 ALTER TABLE `etat` DISABLE KEYS */;
INSERT INTO `etat` VALUES ('CL','Saisie clôturée'),('CR','Fiche créée, saisie en cours'),('MP','Mise en paiement'),('RB','Remboursée'),('VA','Validée');
/*!40000 ALTER TABLE `etat` ENABLE KEYS */;
UNLOCK TABLES;

--
-- Table structure for table `fichefrais`
--

DROP TABLE IF EXISTS `fichefrais`;
/*!40101 SET @saved_cs_client     = @@character_set_client */;
/*!40101 SET character_set_client = utf8 */;
CREATE TABLE `fichefrais` (
  `idvisiteur` char(4) NOT NULL,
  `mois` char(6) NOT NULL,
  `nbjustificatifs` int(11) DEFAULT NULL,
  `montantvalide` decimal(10,2) DEFAULT NULL,
  `datemodif` date DEFAULT NULL,
  `idetat` char(2) DEFAULT 'CR',
  PRIMARY KEY (`idvisiteur`,`mois`),
  KEY `idetat` (`idetat`),
  CONSTRAINT `fichefrais_ibfk_1` FOREIGN KEY (`idetat`) REFERENCES `etat` (`id`),
  CONSTRAINT `fichefrais_ibfk_2` FOREIGN KEY (`idvisiteur`) REFERENCES `visiteur` (`id`)
) ENGINE=InnoDB DEFAULT CHARSET=latin1;
/*!40101 SET character_set_client = @saved_cs_client */;

--
-- Dumping data for table `fichefrais`
--

LOCK TABLES `fichefrais` WRITE;
/*!40000 ALTER TABLE `fichefrais` DISABLE KEYS */;
INSERT INTO `fichefrais` VALUES ('a131','201609',5,4586.14,'2016-11-02','RB'),('a131','201610',3,3841.04,'2016-12-01','RB'),('a131','201611',5,2965.74,'2017-01-05','RB'),('a131','201612',0,5545.91,'2017-02-01','RB'),('a131','201701',9,2090.60,'2017-03-02','RB'),('a131','201702',11,4270.28,'2017-04-06','RB'),('a131','201703',1,2111.84,'2017-05-07','RB'),('a131','201704',4,1359.25,'2017-06-03','RB'),('a131','201705',1,1949.17,'2017-07-02','RB'),('a131','201706',9,5122.36,'2017-08-05','RB'),('a131','201707',7,3723.20,'2017-09-01','RB'),('a131','201708',6,2904.82,'2017-10-08','RB'),('a131','201709',11,2838.71,'2017-10-04','VA'),('a131','201710',0,0.00,'2018-02-14','CL'),('a131','201802',0,0.00,'2018-02-20','CR'),('a17','201609',5,2105.59,'2016-11-08','RB'),('a17','201610',1,2167.70,'2016-12-05','RB'),('a17','201611',0,2424.99,'2017-01-06','RB'),('a17','201612',1,2662.17,'2017-02-06','RB'),('a17','201701',6,3159.00,'2017-03-02','RB'),('a17','201702',7,4014.25,'2017-04-05','RB'),('a17','201703',4,3172.45,'2017-05-02','RB'),('a17','201704',8,4190.51,'2017-06-07','RB'),('a17','201705',5,2486.31,'2017-07-04','RB'),('a17','201706',11,3717.25,'2017-08-08','RB'),('a17','201707',0,3973.78,'2017-09-08','RB'),('a17','201708',7,3089.37,'2017-10-05','RB'),('a17','201709',3,2976.03,'2018-02-16','RB'),('a17','201710',3,1836.10,'2018-02-22','VA'),('a17','201711',2,891.48,'2018-02-22','VA'),('a17','201712',2,491.00,'2018-02-23','MP'),('a17','201801',0,0.00,'2018-02-23','RB'),('a17','201802',0,0.00,'2018-02-22','CR'),('a55','201609',9,3331.23,'2016-11-01','RB'),('a55','201610',10,2364.20,'2016-12-04','RB'),('a55','201611',4,3248.17,'2017-01-03','RB'),('a55','201612',2,2360.20,'2017-02-05','RB'),('a55','201701',12,4149.17,'2017-03-01','RB'),('a55','201702',12,3512.81,'2017-04-08','RB'),('a55','201703',7,5731.44,'2017-05-07','RB'),('a55','201704',8,2176.51,'2017-06-07','RB'),('a55','201705',7,3752.93,'2017-07-04','RB'),('a55','201706',7,4230.81,'2017-08-08','RB'),('a55','201707',11,3057.10,'2017-09-05','RB'),('a55','201708',3,3905.59,'2017-10-06','RB'),('a55','201709',11,3354.75,'2018-02-16','RB'),('a55','201710',0,0.00,'2018-02-20','CL'),('a55','201711',0,0.00,'2018-02-22','CL'),('a55','201712',0,0.00,'2018-02-22','CL'),('a55','201801',0,0.00,'2018-02-22','CL'),('a55','201802',0,0.00,'2018-02-20','CR'),('a93','201609',6,2316.14,'2016-11-04','RB'),('a93','201610',2,2223.05,'2016-12-05','RB'),('a93','201611',12,4343.51,'2017-01-07','RB'),('a93','201612',8,3133.73,'2017-02-08','RB'),('a93','201701',2,3732.93,'2017-03-08','RB'),('a93','201702',10,3733.05,'2017-04-05','RB'),('a93','201703',6,3478.70,'2017-05-06','RB'),('a93','201704',11,4315.23,'2017-06-02','RB'),('a93','201705',11,1804.85,'2017-07-06','RB'),('a93','201706',6,1926.15,'2017-08-02','RB'),('a93','201707',8,3129.95,'2017-09-08','RB'),('a93','201708',11,1806.68,'2017-10-03','RB'),('a93','201709',10,2215.17,'2017-10-01','VA'),('a93','201710',0,0.00,'2018-02-14','CL'),('a93','201802',0,0.00,'2018-02-20','CR'),('b13','201609',4,3049.40,'2016-11-04','RB'),('b13','201610',9,2894.35,'2016-12-07','RB'),('b13','201611',1,2397.50,'2017-01-08','RB'),('b13','201612',4,5429.55,'2017-02-02','RB'),('b13','201701',10,4208.79,'2017-03-07','RB'),('b13','201702',8,3388.02,'2017-04-03','RB'),('b13','201703',2,4631.36,'2017-05-06','RB'),('b13','201704',2,2906.21,'2017-06-06','RB'),('b13','201705',11,4416.79,'2017-07-06','RB'),('b13','201706',3,3280.50,'2017-08-07','RB'),('b13','201707',7,1982.37,'2017-09-02','RB'),('b13','201708',5,2767.23,'2017-10-01','RB'),('b13','201709',10,5009.02,'2018-02-16','RB'),('b13','201710',0,0.00,'2018-02-20','CL'),('b13','201802',0,0.00,'2018-02-20','CR'),('b16','201609',5,2911.36,'2016-11-07','RB'),('b16','201610',3,2343.08,'2016-12-06','RB'),('b16','201611',5,1841.32,'2017-01-08','RB'),('b16','201612',9,2472.54,'2017-02-04','RB'),('b16','201701',12,3710.12,'2017-03-06','RB'),('b16','201702',3,2264.66,'2017-04-08','RB'),('b16','201703',5,3334.20,'2017-05-03','RB'),('b16','201704',0,0.00,'2017-06-01','RB'),('b16','201705',9,3102.26,'2017-07-02','RB'),('b16','201706',8,2783.27,'2017-08-01','RB'),('b16','201707',3,3229.13,'2017-09-03','RB'),('b16','201708',3,2104.10,'2017-10-07','RB'),('b16','201709',3,4325.98,'2018-02-21','RB'),('b16','201710',3,3473.48,'2018-02-21','RB'),('b16','201711',3,4899.44,'2018-02-22','MP'),('b16','201712',0,2779.00,'2018-02-22','MP'),('b16','201801',0,0.00,'2018-02-22','CL'),('b16','201802',0,0.00,'2018-02-21','CR'),('b19','201609',5,3547.56,'2016-11-07','RB'),('b19','201610',2,2892.70,'2016-12-03','RB'),('b19','201611',0,3075.17,'2017-01-04','RB'),('b19','201612',8,3400.51,'2017-02-01','RB'),('b19','201701',4,4833.40,'2017-03-06','RB'),('b19','201702',1,3097.06,'2017-04-02','RB'),('b19','201703',3,3701.38,'2017-05-08','RB'),('b19','201704',2,4360.56,'2017-06-01','RB'),('b19','201705',1,3508.93,'2017-07-03','RB'),('b19','201706',0,2962.07,'2017-08-02','RB'),('b19','201707',12,4037.39,'2017-09-03','RB'),('b19','201708',3,3193.41,'2017-10-02','RB'),('b19','201709',1,4122.70,'2017-10-08','VA'),('b19','201710',0,0.00,'2018-02-17','CL'),('b19','201711',0,0.00,'2018-02-17','CL'),('b19','201802',0,0.00,'2018-02-17','CR'),('b25','201609',6,3712.44,'2016-11-02','RB'),('b25','201610',6,3061.67,'2016-12-01','RB'),('b25','201611',8,2430.89,'2017-01-01','RB'),('b25','201612',8,2954.69,'2017-02-03','RB'),('b25','201701',1,1990.21,'2017-03-06','RB'),('b25','201702',1,2875.58,'2017-04-07','RB'),('b25','201703',4,2860.67,'2017-05-02','RB'),('b25','201704',2,2244.13,'2017-06-05','RB'),('b25','201705',3,3424.92,'2017-07-01','RB'),('b25','201706',5,3042.28,'2017-08-06','RB'),('b25','201707',2,4477.68,'2017-09-03','RB'),('b25','201708',12,3426.09,'2017-10-02','RB'),('b25','201709',1,3550.63,'2018-02-21','RB'),('b25','201710',2,3961.18,'2018-02-22','VA'),('b25','201711',1,3513.00,'2018-02-22','VA'),('b25','201712',0,0.00,'2018-02-22','CL'),('b25','201801',0,0.00,'2018-02-15','CL'),('b25','201802',0,0.00,'2018-02-07','CR'),('b28','201609',4,3734.46,'2016-11-02','RB'),('b28','201610',6,3938.73,'2016-12-02','RB'),('b28','201611',4,2122.13,'2017-01-03','RB'),('b28','201612',6,2601.56,'2017-02-05','RB'),('b28','201701',12,1859.08,'2017-03-08','RB'),('b28','201702',9,4030.43,'2017-04-07','RB'),('b28','201703',11,4310.32,'2017-05-06','RB'),('b28','201704',11,2456.40,'2017-06-02','RB'),('b28','201705',9,4516.64,'2017-07-06','RB'),('b28','201706',1,3351.91,'2017-08-05','RB'),('b28','201707',2,3106.48,'2017-09-02','RB'),('b28','201708',1,2785.57,'2017-10-03','RB'),('b28','201709',11,3346.35,'2017-10-05','VA'),('b28','201710',0,0.00,'2018-02-20','CL'),('b28','201802',0,0.00,'2018-02-20','CR'),('b34','201609',0,2520.91,'2016-11-06','RB'),('b34','201610',2,2166.72,'2016-12-01','RB'),('b34','201611',11,3510.81,'2017-01-05','RB'),('b34','201612',8,3205.13,'2017-02-07','RB'),('b34','201701',12,3706.85,'2017-03-02','RB'),('b34','201702',9,1682.81,'2017-04-05','RB'),('b34','201703',7,2613.74,'2017-05-07','RB'),('b34','201704',9,4345.58,'2017-06-08','RB'),('b34','201705',8,3486.95,'2017-07-07','RB'),('b34','201706',2,3217.82,'2017-08-04','RB'),('b34','201707',8,3067.38,'2017-09-02','RB'),('b34','201708',3,4479.82,'2017-10-06','RB'),('b34','201709',4,5541.70,'2017-10-06','VA'),('b34','201710',0,0.00,'2018-02-14','CL'),('b34','201802',0,0.00,'2018-02-20','CR'),('b4','201609',3,3420.40,'2016-11-01','RB'),('b4','201610',11,4733.75,'2016-12-07','RB'),('b4','201611',4,2724.01,'2017-01-05','RB'),('b4','201612',12,1355.69,'2017-02-07','RB'),('b4','201701',10,3764.38,'2017-03-07','RB'),('b4','201702',8,2058.63,'2017-04-02','RB'),('b4','201703',6,2261.72,'2017-05-02','RB'),('b4','201704',7,2309.94,'2017-06-04','RB'),('b4','201705',10,2082.32,'2017-07-07','RB'),('b4','201706',11,3851.49,'2017-08-02','RB'),('b4','201707',7,5358.12,'2017-09-02','RB'),('b4','201708',2,1992.42,'2017-10-07','RB'),('b4','201709',5,4502.88,'2017-10-03','VA'),('b4','201710',0,0.00,'2018-02-14','CL'),('b4','201802',0,0.00,'2018-02-20','CR'),('b50','201609',2,4855.24,'2016-11-07','RB'),('b50','201610',7,3820.96,'2016-12-07','RB'),('b50','201611',5,2335.24,'2017-01-06','RB'),('b50','201612',12,4096.66,'2017-02-03','RB'),('b50','201701',8,4096.80,'2017-03-04','RB'),('b50','201702',4,3882.11,'2017-04-03','RB'),('b50','201703',3,3458.75,'2017-05-02','RB'),('b50','201704',10,2871.51,'2017-06-05','RB'),('b50','201705',2,2971.43,'2017-07-04','RB'),('b50','201706',1,3944.05,'2017-08-04','RB'),('b50','201707',10,4591.94,'2017-09-02','RB'),('b50','201708',5,2533.95,'2017-10-06','RB'),('b50','201709',0,0.00,'2017-10-01','CL'),('b50','201710',0,0.00,'2018-02-14','CL'),('b50','201801',0,0.00,'2018-02-14','CL'),('b50','201802',0,0.00,'2018-02-10','CR'),('b59','201609',5,1740.31,'2016-11-04','RB'),('b59','201610',8,2796.77,'2016-12-03','RB'),('b59','201611',3,3688.50,'2017-01-05','RB'),('b59','201612',6,2860.27,'2017-02-01','RB'),('b59','201701',2,2418.72,'2017-03-04','RB'),('b59','201702',2,2943.28,'2017-04-07','RB'),('b59','201703',2,3414.17,'2017-05-05','RB'),('b59','201704',5,3660.50,'2017-06-08','RB'),('b59','201705',8,4235.10,'2017-07-01','RB'),('b59','201706',5,4436.64,'2017-08-02','RB'),('b59','201707',5,2808.64,'2017-09-03','RB'),('b59','201708',9,3205.14,'2017-10-07','RB'),('b59','201709',12,5806.80,'2018-02-23','MP'),('b59','201710',0,0.00,'2018-02-14','CL'),('b59','201711',0,0.00,'2018-02-23','VA'),('b59','201712',0,0.00,'2018-02-23','VA'),('b59','201801',0,0.00,'2018-02-22','CL'),('b59','201802',0,0.00,'2018-02-22','CR'),('c14','201609',2,3206.16,'2016-11-05','RB'),('c14','201610',12,2428.84,'2016-12-06','RB'),('c14','201611',6,3604.47,'2017-01-06','RB'),('c14','201612',11,2504.76,'2017-02-08','RB'),('c14','201701',7,5228.13,'2017-03-06','RB'),('c14','201702',1,2511.65,'2017-04-04','RB'),('c14','201703',10,4804.06,'2017-05-06','RB'),('c14','201704',10,3667.38,'2017-06-05','RB'),('c14','201705',2,2671.41,'2017-07-03','RB'),('c14','201706',7,2779.94,'2017-08-01','RB'),('c14','201707',0,3147.65,'2017-09-05','RB'),('c14','201708',7,4078.42,'2017-10-03','RB'),('c14','201709',4,3248.93,'2017-10-08','VA'),('c14','201710',0,0.00,'2018-02-14','CL'),('c14','201802',0,0.00,'2018-02-10','CR'),('c3','201609',1,3493.65,'2016-11-06','RB'),('c3','201610',12,4239.55,'2016-12-01','RB'),('c3','201611',3,2822.85,'2017-01-05','RB'),('c3','201612',2,2532.59,'2017-02-06','RB'),('c3','201701',4,2213.16,'2017-03-03','RB'),('c3','201702',6,2902.43,'2017-04-08','RB'),('c3','201703',4,3129.77,'2017-05-03','RB'),('c3','201704',9,2891.72,'2017-06-01','RB'),('c3','201705',6,4580.21,'2017-07-06','RB'),('c3','201706',0,3049.37,'2017-08-08','RB'),('c3','201707',11,5591.45,'2017-09-08','RB'),('c3','201708',12,2829.66,'2017-10-06','RB'),('c3','201709',10,3607.66,'2017-10-01','VA'),('c3','201710',0,0.00,'2018-02-20','CL'),('c3','201711',0,0.00,'2018-02-20','CL'),('c3','201712',0,0.00,'2018-02-20','CL'),('c3','201802',0,0.00,'2018-02-15','CR'),('c54','201609',5,3638.89,'2016-11-04','RB'),('c54','201610',7,4582.38,'2016-12-07','RB'),('c54','201611',3,2749.94,'2017-01-07','RB'),('c54','201612',8,3103.43,'2017-02-01','RB'),('c54','201701',10,3004.06,'2017-03-02','RB'),('c54','201702',4,3393.37,'2017-04-01','RB'),('c54','201703',4,4137.24,'2017-05-06','RB'),('c54','201704',10,3114.47,'2017-06-03','RB'),('c54','201705',10,3682.18,'2017-07-07','RB'),('c54','201706',9,4260.72,'2017-08-04','RB'),('c54','201707',7,2437.14,'2017-09-05','RB'),('c54','201708',2,2541.10,'2017-10-08','RB'),('c54','201709',6,3250.50,'2017-10-05','VA'),('c54','201710',0,0.00,'2018-02-14','CL'),('ct01','201802',0,0.00,'2018-02-20','CR'),('d13','201609',7,2791.10,'2016-11-01','RB'),('d13','201610',2,1526.67,'2016-12-02','RB'),('d13','201611',9,2241.13,'2017-01-07','RB'),('d13','201612',3,2401.60,'2017-02-07','RB'),('d13','201701',7,6860.13,'2017-03-05','RB'),('d13','201702',12,3120.92,'2017-04-06','RB'),('d13','201703',1,2321.10,'2017-05-05','RB'),('d13','201704',10,1402.78,'2017-06-08','RB'),('d13','201705',8,2044.04,'2017-07-08','RB'),('d13','201706',12,2169.36,'2017-08-05','RB'),('d13','201707',2,2986.79,'2017-09-03','RB'),('d13','201708',1,3874.94,'2017-10-05','RB'),('d13','201709',2,2892.54,'2017-10-05','VA'),('d13','201710',6,0.00,'2018-02-14','CL'),('d51','201609',12,3294.36,'2016-11-04','RB'),('d51','201610',8,3488.52,'2016-12-05','RB'),('d51','201611',1,1905.18,'2017-01-02','RB'),('d51','201612',6,1874.36,'2017-02-07','RB'),('d51','201701',9,3705.20,'2017-03-02','RB'),('d51','201702',3,2026.65,'2017-04-04','RB'),('d51','201703',2,2615.58,'2017-05-02','RB'),('d51','201704',2,2357.90,'2017-06-08','RB'),('d51','201705',3,2238.80,'2017-07-08','RB'),('d51','201706',10,3263.90,'2017-08-07','RB'),('d51','201707',7,3350.05,'2017-09-04','RB'),('d51','201708',4,4029.60,'2017-10-06','RB'),('d51','201709',11,4811.36,'2017-10-01','VA'),('d51','201710',0,0.00,'2018-02-14','CL'),('e22','201609',1,3465.54,'2016-11-07','RB'),('e22','201610',5,3396.04,'2016-12-08','RB'),('e22','201611',10,2731.65,'2017-01-05','RB'),('e22','201612',2,2575.98,'2017-02-07','RB'),('e22','201701',0,2669.99,'2017-03-03','RB'),('e22','201702',9,2118.26,'2017-04-03','RB'),('e22','201703',9,2077.24,'2017-05-04','RB'),('e22','201704',10,3739.41,'2017-06-08','RB'),('e22','201705',4,2596.81,'2017-07-01','RB'),('e22','201706',6,4995.09,'2017-08-03','RB'),('e22','201707',9,2799.91,'2017-09-06','RB'),('e22','201708',7,2492.31,'2017-10-06','RB'),('e22','201709',3,2588.56,'2017-10-03','VA'),('e22','201710',0,0.00,'2018-02-14','CL'),('e24','201609',2,5087.37,'2016-11-08','RB'),('e24','201610',5,2307.15,'2016-12-08','RB'),('e24','201611',3,2520.38,'2017-01-03','RB'),('e24','201612',8,2922.86,'2017-02-05','RB'),('e24','201701',7,4306.20,'2017-03-07','RB'),('e24','201702',2,3096.03,'2017-04-08','RB'),('e24','201703',6,4128.35,'2017-05-05','RB'),('e24','201704',1,2452.90,'2017-06-07','RB'),('e24','201705',12,2114.40,'2017-07-01','RB'),('e24','201706',1,2738.54,'2017-08-05','RB'),('e24','201707',4,3474.22,'2017-09-03','RB'),('e24','201708',3,2817.99,'2017-10-07','RB'),('e24','201709',7,1602.02,'2017-10-08','VA'),('e24','201710',0,0.00,'2018-02-14','CL'),('e39','201609',11,1923.30,'2016-11-02','RB'),('e39','201610',12,2317.59,'2016-12-06','RB'),('e39','201611',9,2982.21,'2017-01-01','RB'),('e39','201612',12,2479.62,'2017-02-07','RB'),('e39','201701',0,3572.97,'2017-03-08','RB'),('e39','201702',1,3405.66,'2017-04-02','RB'),('e39','201703',7,3299.87,'2017-05-03','RB'),('e39','201704',0,3487.21,'2017-06-02','RB'),('e39','201705',10,3419.11,'2017-07-03','RB'),('e39','201706',11,2761.56,'2017-08-05','RB'),('e39','201707',8,3596.81,'2017-09-02','RB'),('e39','201708',5,4347.68,'2017-10-05','RB'),('e39','201709',5,2373.21,'2017-10-03','VA'),('e39','201710',0,0.00,'2018-02-14','CL'),('e49','201609',4,3842.06,'2016-11-03','RB'),('e49','201610',1,1984.03,'2016-12-05','RB'),('e49','201611',11,2347.08,'2017-01-03','RB'),('e49','201612',5,1239.57,'2017-02-04','RB'),('e49','201701',6,3452.10,'2017-03-05','RB'),('e49','201702',4,2325.04,'2017-04-06','RB'),('e49','201703',7,2314.30,'2017-05-01','RB'),('e49','201704',11,2960.41,'2017-06-01','RB'),('e49','201705',0,2731.87,'2017-07-04','RB'),('e49','201706',11,3693.41,'2017-08-07','RB'),('e49','201707',2,1771.88,'2017-09-06','RB'),('e49','201708',4,3679.83,'2017-10-06','RB'),('e49','201709',12,2950.00,'2017-10-02','VA'),('e49','201710',0,0.00,'2018-02-14','CL'),('e5','201609',2,2925.37,'2016-11-04','RB'),('e5','201610',2,3065.19,'2016-12-05','RB'),('e5','201611',11,2508.75,'2017-01-05','RB'),('e5','201612',0,5774.75,'2017-02-01','RB'),('e5','201701',10,2727.41,'2017-03-07','RB'),('e5','201702',3,2771.20,'2017-04-04','RB'),('e5','201703',9,2209.25,'2017-05-05','RB'),('e5','201704',9,2792.08,'2017-06-08','RB'),('e5','201705',3,2214.02,'2017-07-08','RB'),('e5','201706',5,4675.00,'2017-08-04','RB'),('e5','201707',2,2282.08,'2017-09-03','RB'),('e5','201708',12,2814.21,'2017-10-01','RB'),('e5','201709',11,2745.60,'2017-10-08','VA'),('e5','201710',0,0.00,'2018-02-14','CL'),('e52','201609',8,2449.66,'2016-11-05','RB'),('e52','201610',0,3578.21,'2016-12-04','RB'),('e52','201611',4,3677.23,'2017-01-03','RB'),('e52','201612',0,1942.46,'2017-02-07','RB'),('e52','201701',11,3799.20,'2017-03-05','RB'),('e52','201702',11,2428.10,'2017-04-01','RB'),('e52','201703',9,2866.32,'2017-05-08','RB'),('e52','201704',10,4506.91,'2017-06-01','RB'),('e52','201705',9,3282.80,'2017-07-03','RB'),('e52','201706',4,3854.94,'2017-08-08','RB'),('e52','201707',3,4280.81,'2017-09-05','RB'),('e52','201708',9,2810.24,'2017-10-05','RB'),('e52','201709',3,2800.37,'2017-10-03','VA'),('e52','201710',0,0.00,'2018-02-14','CL'),('f21','201609',3,3245.80,'2016-11-07','RB'),('f21','201610',2,4537.67,'2016-12-08','RB'),('f21','201611',5,4847.12,'2017-01-03','RB'),('f21','201612',6,3910.52,'2017-02-08','RB'),('f21','201701',7,4266.02,'2017-03-08','RB'),('f21','201702',7,2716.72,'2017-04-04','RB'),('f21','201703',8,2788.67,'2017-05-02','RB'),('f21','201704',1,3447.30,'2017-06-05','RB'),('f21','201705',0,2052.94,'2017-07-01','RB'),('f21','201706',2,2138.48,'2017-08-03','RB'),('f21','201707',7,1648.30,'2017-09-02','RB'),('f21','201708',6,3013.72,'2017-10-06','RB'),('f21','201709',10,3182.83,'2017-10-04','VA'),('f21','201710',0,0.00,'2018-02-14','CL'),('f39','201609',3,4438.20,'2016-11-01','RB'),('f39','201610',5,3646.57,'2016-12-07','RB'),('f39','201611',10,3968.27,'2017-01-07','RB'),('f39','201612',9,3015.85,'2017-02-07','RB'),('f39','201701',11,3344.14,'2017-03-08','RB'),('f39','201702',2,2108.37,'2017-04-02','RB'),('f39','201703',1,5931.91,'2017-05-04','RB'),('f39','201704',0,3985.37,'2017-06-07','RB'),('f39','201705',3,4382.19,'2017-07-08','RB'),('f39','201706',10,3147.98,'2017-08-01','RB'),('f39','201707',11,4715.02,'2017-09-04','RB'),('f39','201708',9,4636.85,'2017-10-05','RB'),('f39','201709',9,3122.97,'2017-10-03','VA'),('f39','201710',0,0.00,'2018-02-14','CL'),('f4','201609',4,3148.79,'2016-11-05','RB'),('f4','201610',3,2419.92,'2016-12-08','RB'),('f4','201611',7,3814.48,'2017-01-05','RB'),('f4','201612',9,5040.49,'2017-02-06','RB'),('f4','201701',8,1659.09,'2017-03-06','RB'),('f4','201702',2,2908.42,'2017-04-03','RB'),('f4','201703',4,2493.41,'2017-05-05','RB'),('f4','201704',5,3145.59,'2017-06-03','RB'),('f4','201705',3,2439.37,'2017-07-02','RB'),('f4','201706',7,5357.20,'2017-08-03','RB'),('f4','201707',2,4289.03,'2017-09-01','RB'),('f4','201708',3,3971.10,'2017-10-05','RB'),('f4','201709',7,3344.11,'2017-10-02','VA'),('f4','201710',0,0.00,'2018-02-14','CL'),('f4','201711',0,0.00,'2018-02-22','CL'),('f4','201712',0,0.00,'2018-02-22','CL'),('f4','201801',0,0.00,'2018-02-22','CL'),('f4','201802',0,0.00,'2018-02-22','CR');
/*!40000 ALTER TABLE `fichefrais` ENABLE KEYS */;
UNLOCK TABLES;

--
-- Table structure for table `fraisforfait`
--

DROP TABLE IF EXISTS `fraisforfait`;
/*!40101 SET @saved_cs_client     = @@character_set_client */;
/*!40101 SET character_set_client = utf8 */;
CREATE TABLE `fraisforfait` (
  `id` char(3) NOT NULL,
  `libelle` char(20) DEFAULT NULL,
  `montant` decimal(5,2) DEFAULT NULL,
  PRIMARY KEY (`id`)
) ENGINE=InnoDB DEFAULT CHARSET=latin1;
/*!40101 SET character_set_client = @saved_cs_client */;

--
-- Dumping data for table `fraisforfait`
--

LOCK TABLES `fraisforfait` WRITE;
/*!40000 ALTER TABLE `fraisforfait` DISABLE KEYS */;
INSERT INTO `fraisforfait` VALUES ('ETP','Forfait Etape',110.00),('KM','Frais Kilométrique',0.62),('NUI','Nuitée Hôtel',80.00),('REP','Repas Restaurant',25.00);
/*!40000 ALTER TABLE `fraisforfait` ENABLE KEYS */;
UNLOCK TABLES;

--
-- Table structure for table `lignefraisforfait`
--

DROP TABLE IF EXISTS `lignefraisforfait`;
/*!40101 SET @saved_cs_client     = @@character_set_client */;
/*!40101 SET character_set_client = utf8 */;
CREATE TABLE `lignefraisforfait` (
  `idvisiteur` char(4) NOT NULL,
  `mois` char(6) NOT NULL,
  `idfraisforfait` char(3) NOT NULL,
  `quantite` int(11) DEFAULT NULL,
  PRIMARY KEY (`idvisiteur`,`mois`,`idfraisforfait`),
  KEY `idfraisforfait` (`idfraisforfait`),
  CONSTRAINT `lignefraisforfait_ibfk_1` FOREIGN KEY (`idvisiteur`, `mois`) REFERENCES `fichefrais` (`idvisiteur`, `mois`),
  CONSTRAINT `lignefraisforfait_ibfk_2` FOREIGN KEY (`idfraisforfait`) REFERENCES `fraisforfait` (`id`)
) ENGINE=InnoDB DEFAULT CHARSET=latin1;
/*!40101 SET character_set_client = @saved_cs_client */;

--
-- Dumping data for table `lignefraisforfait`
--

LOCK TABLES `lignefraisforfait` WRITE;
/*!40000 ALTER TABLE `lignefraisforfait` DISABLE KEYS */;
INSERT INTO `lignefraisforfait` VALUES ('a131','201609','ETP',11),('a131','201609','KM',847),('a131','201609','NUI',13),('a131','201609','REP',12),('a131','201610','ETP',19),('a131','201610','KM',692),('a131','201610','NUI',8),('a131','201610','REP',6),('a131','201611','ETP',11),('a131','201611','KM',617),('a131','201611','NUI',12),('a131','201611','REP',3),('a131','201612','ETP',19),('a131','201612','KM',865),('a131','201612','NUI',18),('a131','201612','REP',2),('a131','201701','ETP',9),('a131','201701','KM',623),('a131','201701','NUI',4),('a131','201701','REP',17),('a131','201702','ETP',15),('a131','201702','KM',835),('a131','201702','NUI',18),('a131','201702','REP',11),('a131','201703','ETP',2),('a131','201703','KM',690),('a131','201703','NUI',2),('a131','201703','REP',13),('a131','201704','ETP',3),('a131','201704','KM',428),('a131','201704','NUI',4),('a131','201704','REP',8),('a131','201705','ETP',3),('a131','201705','KM',641),('a131','201705','NUI',3),('a131','201705','REP',5),('a131','201706','ETP',15),('a131','201706','KM',869),('a131','201706','NUI',9),('a131','201706','REP',7),('a131','201707','ETP',7),('a131','201707','KM',302),('a131','201707','NUI',20),('a131','201707','REP',7),('a131','201708','ETP',10),('a131','201708','KM',582),('a131','201708','NUI',9),('a131','201708','REP',5),('a131','201709','ETP',9),('a131','201709','KM',899),('a131','201709','NUI',11),('a131','201709','REP',14),('a131','201710','ETP',19),('a131','201710','KM',794),('a131','201710','NUI',18),('a131','201710','REP',15),('a131','201802','ETP',0),('a131','201802','KM',0),('a131','201802','NUI',0),('a131','201802','REP',0),('a17','201609','ETP',6),('a17','201609','KM',856),('a17','201609','NUI',9),('a17','201609','REP',2),('a17','201610','ETP',2),('a17','201610','KM',627),('a17','201610','NUI',13),('a17','201610','REP',14),('a17','201611','ETP',11),('a17','201611','KM',698),('a17','201611','NUI',10),('a17','201611','REP',5),('a17','201612','ETP',9),('a17','201612','KM',608),('a17','201612','NUI',8),('a17','201612','REP',16),('a17','201701','ETP',19),('a17','201701','KM',950),('a17','201701','NUI',7),('a17','201701','REP',18),('a17','201702','ETP',17),('a17','201702','KM',562),('a17','201702','NUI',17),('a17','201702','REP',15),('a17','201703','ETP',7),('a17','201703','KM',737),('a17','201703','NUI',17),('a17','201703','REP',18),('a17','201704','ETP',3),('a17','201704','KM',314),('a17','201704','NUI',16),('a17','201704','REP',8),('a17','201705','ETP',8),('a17','201705','KM',584),('a17','201705','NUI',14),('a17','201705','REP',17),('a17','201706','ETP',18),('a17','201706','KM',388),('a17','201706','NUI',20),('a17','201706','REP',9),('a17','201707','ETP',17),('a17','201707','KM',316),('a17','201707','NUI',14),('a17','201707','REP',13),('a17','201708','ETP',19),('a17','201708','KM',610),('a17','201708','NUI',4),('a17','201708','REP',12),('a17','201709','ETP',10),('a17','201709','KM',459),('a17','201709','NUI',11),('a17','201709','REP',18),('a17','201710','ETP',3),('a17','201710','KM',805),('a17','201710','NUI',3),('a17','201710','REP',13),('a17','201711','ETP',1),('a17','201711','KM',454),('a17','201711','NUI',0),('a17','201711','REP',0),('a17','201712','ETP',0),('a17','201712','KM',0),('a17','201712','NUI',0),('a17','201712','REP',0),('a17','201801','ETP',0),('a17','201801','KM',0),('a17','201801','NUI',0),('a17','201801','REP',0),('a17','201802','ETP',17),('a17','201802','KM',750),('a17','201802','NUI',30),('a17','201802','REP',49),('a55','201609','ETP',2),('a55','201609','KM',838),('a55','201609','NUI',19),('a55','201609','REP',10),('a55','201610','ETP',2),('a55','201610','KM',798),('a55','201610','NUI',11),('a55','201610','REP',8),('a55','201611','ETP',7),('a55','201611','KM',575),('a55','201611','NUI',16),('a55','201611','REP',20),('a55','201612','ETP',12),('a55','201612','KM',412),('a55','201612','NUI',5),('a55','201612','REP',10),('a55','201701','ETP',20),('a55','201701','KM',899),('a55','201701','NUI',15),('a55','201701','REP',8),('a55','201702','ETP',8),('a55','201702','KM',875),('a55','201702','NUI',18),('a55','201702','REP',15),('a55','201703','ETP',18),('a55','201703','KM',932),('a55','201703','NUI',12),('a55','201703','REP',6),('a55','201704','ETP',6),('a55','201704','KM',610),('a55','201704','NUI',6),('a55','201704','REP',19),('a55','201705','ETP',14),('a55','201705','KM',500),('a55','201705','NUI',20),('a55','201705','REP',9),('a55','201706','ETP',19),('a55','201706','KM',843),('a55','201706','NUI',4),('a55','201706','REP',15),('a55','201707','ETP',4),('a55','201707','KM',829),('a55','201707','NUI',16),('a55','201707','REP',12),('a55','201708','ETP',4),('a55','201708','KM',699),('a55','201708','NUI',7),('a55','201708','REP',19),('a55','201709','ETP',2),('a55','201709','KM',342),('a55','201709','NUI',14),('a55','201709','REP',11),('a55','201710','ETP',14),('a55','201710','KM',702),('a55','201710','NUI',9),('a55','201710','REP',7),('a55','201711','ETP',0),('a55','201711','KM',0),('a55','201711','NUI',0),('a55','201711','REP',0),('a55','201712','ETP',0),('a55','201712','KM',0),('a55','201712','NUI',0),('a55','201712','REP',0),('a55','201801','ETP',0),('a55','201801','KM',0),('a55','201801','NUI',0),('a55','201801','REP',0),('a55','201802','ETP',0),('a55','201802','KM',0),('a55','201802','NUI',0),('a55','201802','REP',0),('a93','201609','ETP',4),('a93','201609','KM',967),('a93','201609','NUI',10),('a93','201609','REP',20),('a93','201610','ETP',6),('a93','201610','KM',678),('a93','201610','NUI',7),('a93','201610','REP',12),('a93','201611','ETP',5),('a93','201611','KM',426),('a93','201611','NUI',18),('a93','201611','REP',15),('a93','201612','ETP',13),('a93','201612','KM',451),('a93','201612','NUI',14),('a93','201612','REP',10),('a93','201701','ETP',18),('a93','201701','KM',645),('a93','201701','NUI',14),('a93','201701','REP',10),('a93','201702','ETP',12),('a93','201702','KM',548),('a93','201702','NUI',6),('a93','201702','REP',16),('a93','201703','ETP',20),('a93','201703','KM',750),('a93','201703','NUI',11),('a93','201703','REP',20),('a93','201704','ETP',17),('a93','201704','KM',792),('a93','201704','NUI',18),('a93','201704','REP',6),('a93','201705','ETP',7),('a93','201705','KM',564),('a93','201705','NUI',7),('a93','201705','REP',3),('a93','201706','ETP',4),('a93','201706','KM',308),('a93','201706','NUI',5),('a93','201706','REP',13),('a93','201707','ETP',12),('a93','201707','KM',614),('a93','201707','NUI',14),('a93','201707','REP',9),('a93','201708','ETP',6),('a93','201708','KM',322),('a93','201708','NUI',2),('a93','201708','REP',13),('a93','201709','ETP',10),('a93','201709','KM',724),('a93','201709','NUI',9),('a93','201709','REP',16),('a93','201710','ETP',19),('a93','201710','KM',659),('a93','201710','NUI',4),('a93','201710','REP',20),('a93','201802','ETP',0),('a93','201802','KM',0),('a93','201802','NUI',0),('a93','201802','REP',0),('b13','201609','ETP',17),('b13','201609','KM',719),('b13','201609','NUI',6),('b13','201609','REP',18),('b13','201610','ETP',18),('b13','201610','KM',443),('b13','201610','NUI',5),('b13','201610','REP',12),('b13','201611','ETP',8),('b13','201611','KM',424),('b13','201611','NUI',19),('b13','201611','REP',12),('b13','201612','ETP',18),('b13','201612','KM',901),('b13','201612','NUI',20),('b13','201612','REP',20),('b13','201701','ETP',16),('b13','201701','KM',364),('b13','201701','NUI',7),('b13','201701','REP',10),('b13','201702','ETP',15),('b13','201702','KM',455),('b13','201702','NUI',7),('b13','201702','REP',3),('b13','201703','ETP',19),('b13','201703','KM',365),('b13','201703','NUI',20),('b13','201703','REP',9),('b13','201704','ETP',3),('b13','201704','KM',333),('b13','201704','NUI',17),('b13','201704','REP',12),('b13','201705','ETP',11),('b13','201705','KM',951),('b13','201705','NUI',17),('b13','201705','REP',4),('b13','201706','ETP',17),('b13','201706','KM',358),('b13','201706','NUI',9),('b13','201706','REP',6),('b13','201707','ETP',6),('b13','201707','KM',546),('b13','201707','NUI',11),('b13','201707','REP',9),('b13','201708','ETP',12),('b13','201708','KM',356),('b13','201708','NUI',14),('b13','201708','REP',16),('b13','201709','ETP',19),('b13','201709','KM',377),('b13','201709','NUI',17),('b13','201709','REP',19),('b13','201710','ETP',3),('b13','201710','KM',852),('b13','201710','NUI',10),('b13','201710','REP',20),('b13','201802','ETP',0),('b13','201802','KM',0),('b13','201802','NUI',0),('b13','201802','REP',0),('b16','201609','ETP',7),('b16','201609','KM',969),('b16','201609','NUI',11),('b16','201609','REP',10),('b16','201610','ETP',5),('b16','201610','KM',970),('b16','201610','NUI',10),('b16','201610','REP',12),('b16','201611','ETP',2),('b16','201611','KM',745),('b16','201611','NUI',7),('b16','201611','REP',16),('b16','201612','ETP',13),('b16','201612','KM',535),('b16','201612','NUI',10),('b16','201612','REP',7),('b16','201701','ETP',2),('b16','201701','KM',932),('b16','201701','NUI',19),('b16','201701','REP',13),('b16','201702','ETP',2),('b16','201702','KM',774),('b16','201702','NUI',5),('b16','201702','REP',19),('b16','201703','ETP',19),('b16','201703','KM',653),('b16','201703','NUI',5),('b16','201703','REP',15),('b16','201704','ETP',7),('b16','201704','KM',810),('b16','201704','NUI',10),('b16','201704','REP',5),('b16','201705','ETP',11),('b16','201705','KM',434),('b16','201705','NUI',18),('b16','201705','REP',18),('b16','201706','ETP',4),('b16','201706','KM',468),('b16','201706','NUI',19),('b16','201706','REP',18),('b16','201707','ETP',11),('b16','201707','KM',802),('b16','201707','NUI',13),('b16','201707','REP',16),('b16','201708','ETP',6),('b16','201708','KM',975),('b16','201708','NUI',9),('b16','201708','REP',15),('b16','201709','ETP',14),('b16','201709','KM',879),('b16','201709','NUI',6),('b16','201709','REP',6),('b16','201710','ETP',10),('b16','201710','KM',754),('b16','201710','NUI',13),('b16','201710','REP',10),('b16','201711','ETP',17),('b16','201711','KM',612),('b16','201711','NUI',15),('b16','201711','REP',45),('b16','201712','ETP',5),('b16','201712','KM',450),('b16','201712','NUI',15),('b16','201712','REP',30),('b16','201801','ETP',0),('b16','201801','KM',0),('b16','201801','NUI',0),('b16','201801','REP',0),('b16','201802','ETP',27),('b16','201802','KM',1000),('b16','201802','NUI',25),('b16','201802','REP',70),('b19','201609','ETP',16),('b19','201609','KM',491),('b19','201609','NUI',11),('b19','201609','REP',19),('b19','201610','ETP',10),('b19','201610','KM',330),('b19','201610','NUI',7),('b19','201610','REP',17),('b19','201611','ETP',12),('b19','201611','KM',864),('b19','201611','NUI',3),('b19','201611','REP',14),('b19','201612','ETP',20),('b19','201612','KM',930),('b19','201612','NUI',7),('b19','201612','REP',13),('b19','201701','ETP',17),('b19','201701','KM',420),('b19','201701','NUI',17),('b19','201701','REP',5),('b19','201702','ETP',17),('b19','201702','KM',977),('b19','201702','NUI',5),('b19','201702','REP',11),('b19','201703','ETP',5),('b19','201703','KM',388),('b19','201703','NUI',9),('b19','201703','REP',5),('b19','201704','ETP',15),('b19','201704','KM',997),('b19','201704','NUI',18),('b19','201704','REP',8),('b19','201705','ETP',12),('b19','201705','KM',591),('b19','201705','NUI',13),('b19','201705','REP',11),('b19','201706','ETP',9),('b19','201706','KM',814),('b19','201706','NUI',3),('b19','201706','REP',17),('b19','201707','ETP',12),('b19','201707','KM',855),('b19','201707','NUI',5),('b19','201707','REP',17),('b19','201708','ETP',14),('b19','201708','KM',954),('b19','201708','NUI',11),('b19','201708','REP',14),('b19','201709','ETP',20),('b19','201709','KM',302),('b19','201709','NUI',19),('b19','201709','REP',19),('b19','201710','ETP',8),('b19','201710','KM',541),('b19','201710','NUI',19),('b19','201710','REP',15),('b19','201711','ETP',10),('b19','201711','KM',1320),('b19','201711','NUI',22),('b19','201711','REP',55),('b19','201802','ETP',0),('b19','201802','KM',0),('b19','201802','NUI',0),('b19','201802','REP',0),('b25','201609','ETP',13),('b25','201609','KM',861),('b25','201609','NUI',10),('b25','201609','REP',12),('b25','201610','ETP',17),('b25','201610','KM',802),('b25','201610','NUI',3),('b25','201610','REP',13),('b25','201611','ETP',4),('b25','201611','KM',955),('b25','201611','NUI',14),('b25','201611','REP',10),('b25','201612','ETP',6),('b25','201612','KM',860),('b25','201612','NUI',15),('b25','201612','REP',5),('b25','201701','ETP',9),('b25','201701','KM',408),('b25','201701','NUI',5),('b25','201701','REP',9),('b25','201702','ETP',6),('b25','201702','KM',540),('b25','201702','NUI',13),('b25','201702','REP',4),('b25','201703','ETP',2),('b25','201703','KM',447),('b25','201703','NUI',18),('b25','201703','REP',3),('b25','201704','ETP',11),('b25','201704','KM',368),('b25','201704','NUI',10),('b25','201704','REP',6),('b25','201705','ETP',18),('b25','201705','KM',896),('b25','201705','NUI',9),('b25','201705','REP',7),('b25','201706','ETP',18),('b25','201706','KM',870),('b25','201706','NUI',3),('b25','201706','REP',7),('b25','201707','ETP',14),('b25','201707','KM',880),('b25','201707','NUI',12),('b25','201707','REP',16),('b25','201708','ETP',20),('b25','201708','KM',468),('b25','201708','NUI',5),('b25','201708','REP',19),('b25','201709','ETP',3),('b25','201709','KM',925),('b25','201709','NUI',3),('b25','201709','REP',7),('b25','201710','ETP',15),('b25','201710','KM',389),('b25','201710','NUI',12),('b25','201710','REP',20),('b25','201711','ETP',18),('b25','201711','KM',300),('b25','201711','NUI',12),('b25','201711','REP',15),('b25','201712','ETP',0),('b25','201712','KM',0),('b25','201712','NUI',0),('b25','201712','REP',0),('b25','201801','ETP',1),('b25','201801','KM',0),('b25','201801','NUI',0),('b25','201801','REP',0),('b25','201802','ETP',5),('b25','201802','KM',100),('b25','201802','NUI',10),('b25','201802','REP',20),('b28','201609','ETP',20),('b28','201609','KM',854),('b28','201609','NUI',15),('b28','201609','REP',13),('b28','201610','ETP',15),('b28','201610','KM',458),('b28','201610','NUI',19),('b28','201610','REP',5),('b28','201611','ETP',2),('b28','201611','KM',493),('b28','201611','NUI',5),('b28','201611','REP',9),('b28','201612','ETP',16),('b28','201612','KM',499),('b28','201612','NUI',2),('b28','201612','REP',7),('b28','201701','ETP',2),('b28','201701','KM',367),('b28','201701','NUI',8),('b28','201701','REP',11),('b28','201702','ETP',13),('b28','201702','KM',338),('b28','201702','NUI',13),('b28','201702','REP',2),('b28','201703','ETP',15),('b28','201703','KM',302),('b28','201703','NUI',17),('b28','201703','REP',13),('b28','201704','ETP',2),('b28','201704','KM',500),('b28','201704','NUI',9),('b28','201704','REP',5),('b28','201705','ETP',17),('b28','201705','KM',823),('b28','201705','NUI',9),('b28','201705','REP',10),('b28','201706','ETP',16),('b28','201706','KM',810),('b28','201706','NUI',6),('b28','201706','REP',11),('b28','201707','ETP',3),('b28','201707','KM',353),('b28','201707','NUI',18),('b28','201707','REP',18),('b28','201708','ETP',11),('b28','201708','KM',392),('b28','201708','NUI',17),('b28','201708','REP',15),('b28','201709','ETP',7),('b28','201709','KM',819),('b28','201709','NUI',20),('b28','201709','REP',12),('b28','201710','ETP',3),('b28','201710','KM',472),('b28','201710','NUI',18),('b28','201710','REP',12),('b28','201802','ETP',0),('b28','201802','KM',0),('b28','201802','NUI',0),('b28','201802','REP',0),('b34','201609','ETP',5),('b34','201609','KM',644),('b34','201609','NUI',9),('b34','201609','REP',6),('b34','201610','ETP',6),('b34','201610','KM',875),('b34','201610','NUI',4),('b34','201610','REP',16),('b34','201611','ETP',11),('b34','201611','KM',354),('b34','201611','NUI',20),('b34','201611','REP',15),('b34','201612','ETP',14),('b34','201612','KM',725),('b34','201612','NUI',10),('b34','201612','REP',5),('b34','201701','ETP',20),('b34','201701','KM',475),('b34','201701','NUI',10),('b34','201701','REP',15),('b34','201702','ETP',4),('b34','201702','KM',547),('b34','201702','NUI',10),('b34','201702','REP',10),('b34','201703','ETP',9),('b34','201703','KM',832),('b34','201703','NUI',11),('b34','201703','REP',20),('b34','201704','ETP',10),('b34','201704','KM',868),('b34','201704','NUI',20),('b34','201704','REP',9),('b34','201705','ETP',11),('b34','201705','KM',547),('b34','201705','NUI',19),('b34','201705','REP',7),('b34','201706','ETP',7),('b34','201706','KM',811),('b34','201706','NUI',16),('b34','201706','REP',16),('b34','201707','ETP',2),('b34','201707','KM',849),('b34','201707','NUI',10),('b34','201707','REP',8),('b34','201708','ETP',10),('b34','201708','KM',902),('b34','201708','NUI',11),('b34','201708','REP',6),('b34','201709','ETP',16),('b34','201709','KM',861),('b34','201709','NUI',18),('b34','201709','REP',20),('b34','201710','ETP',14),('b34','201710','KM',966),('b34','201710','NUI',20),('b34','201710','REP',13),('b34','201802','ETP',0),('b34','201802','KM',0),('b34','201802','NUI',0),('b34','201802','REP',0),('b4','201609','ETP',9),('b4','201609','KM',406),('b4','201609','NUI',18),('b4','201609','REP',17),('b4','201610','ETP',14),('b4','201610','KM',826),('b4','201610','NUI',20),('b4','201610','REP',14),('b4','201611','ETP',15),('b4','201611','KM',714),('b4','201611','NUI',7),('b4','201611','REP',15),('b4','201612','ETP',6),('b4','201612','KM',309),('b4','201612','NUI',6),('b4','201612','REP',3),('b4','201701','ETP',11),('b4','201701','KM',906),('b4','201701','NUI',16),('b4','201701','REP',9),('b4','201702','ETP',4),('b4','201702','KM',641),('b4','201702','NUI',10),('b4','201702','REP',14),('b4','201703','ETP',9),('b4','201703','KM',808),('b4','201703','NUI',5),('b4','201703','REP',12),('b4','201704','ETP',3),('b4','201704','KM',946),('b4','201704','NUI',9),('b4','201704','REP',4),('b4','201705','ETP',7),('b4','201705','KM',945),('b4','201705','NUI',4),('b4','201705','REP',2),('b4','201706','ETP',16),('b4','201706','KM',346),('b4','201706','NUI',18),('b4','201706','REP',7),('b4','201707','ETP',17),('b4','201707','KM',442),('b4','201707','NUI',11),('b4','201707','REP',11),('b4','201708','ETP',3),('b4','201708','KM',771),('b4','201708','NUI',12),('b4','201708','REP',17),('b4','201709','ETP',16),('b4','201709','KM',525),('b4','201709','NUI',20),('b4','201709','REP',16),('b4','201710','ETP',14),('b4','201710','KM',643),('b4','201710','NUI',6),('b4','201710','REP',11),('b4','201802','ETP',0),('b4','201802','KM',0),('b4','201802','NUI',0),('b4','201802','REP',0),('b50','201609','ETP',19),('b50','201609','KM',317),('b50','201609','NUI',8),('b50','201609','REP',12),('b50','201610','ETP',8),('b50','201610','KM',488),('b50','201610','NUI',15),('b50','201610','REP',2),('b50','201611','ETP',2),('b50','201611','KM',345),('b50','201611','NUI',7),('b50','201611','REP',13),('b50','201612','ETP',16),('b50','201612','KM',830),('b50','201612','NUI',13),('b50','201612','REP',7),('b50','201701','ETP',16),('b50','201701','KM',433),('b50','201701','NUI',14),('b50','201701','REP',14),('b50','201702','ETP',16),('b50','201702','KM',795),('b50','201702','NUI',17),('b50','201702','REP',18),('b50','201703','ETP',20),('b50','201703','KM',406),('b50','201703','NUI',3),('b50','201703','REP',11),('b50','201704','ETP',3),('b50','201704','KM',908),('b50','201704','NUI',20),('b50','201704','REP',14),('b50','201705','ETP',8),('b50','201705','KM',790),('b50','201705','NUI',9),('b50','201705','REP',19),('b50','201706','ETP',10),('b50','201706','KM',994),('b50','201706','NUI',18),('b50','201706','REP',8),('b50','201707','ETP',14),('b50','201707','KM',708),('b50','201707','NUI',8),('b50','201707','REP',12),('b50','201708','ETP',13),('b50','201708','KM',876),('b50','201708','NUI',6),('b50','201708','REP',14),('b50','201709','ETP',13),('b50','201709','KM',687),('b50','201709','NUI',13),('b50','201709','REP',6),('b50','201710','ETP',8),('b50','201710','KM',381),('b50','201710','NUI',19),('b50','201710','REP',8),('b50','201802','ETP',5),('b50','201802','KM',700),('b50','201802','NUI',15),('b50','201802','REP',22),('b59','201609','ETP',2),('b59','201609','KM',551),('b59','201609','NUI',2),('b59','201609','REP',14),('b59','201610','ETP',9),('b59','201610','KM',735),('b59','201610','NUI',12),('b59','201610','REP',6),('b59','201611','ETP',13),('b59','201611','KM',825),('b59','201611','NUI',8),('b59','201611','REP',13),('b59','201612','ETP',10),('b59','201612','KM',360),('b59','201612','NUI',19),('b59','201612','REP',20),('b59','201701','ETP',4),('b59','201701','KM',634),('b59','201701','NUI',6),('b59','201701','REP',18),('b59','201702','ETP',8),('b59','201702','KM',484),('b59','201702','NUI',16),('b59','201702','REP',9),('b59','201703','ETP',8),('b59','201703','KM',503),('b59','201703','NUI',11),('b59','201703','REP',4),('b59','201704','ETP',17),('b59','201704','KM',931),('b59','201704','NUI',18),('b59','201704','REP',5),('b59','201705','ETP',20),('b59','201705','KM',958),('b59','201705','NUI',18),('b59','201705','REP',5),('b59','201706','ETP',12),('b59','201706','KM',825),('b59','201706','NUI',20),('b59','201706','REP',4),('b59','201707','ETP',16),('b59','201707','KM',422),('b59','201707','NUI',4),('b59','201707','REP',15),('b59','201708','ETP',8),('b59','201708','KM',691),('b59','201708','NUI',17),('b59','201708','REP',2),('b59','201709','ETP',11),('b59','201709','KM',822),('b59','201709','NUI',20),('b59','201709','REP',12),('b59','201710','ETP',20),('b59','201710','KM',355),('b59','201710','NUI',4),('b59','201710','REP',11),('b59','201711','ETP',0),('b59','201711','KM',0),('b59','201711','NUI',0),('b59','201711','REP',0),('b59','201712','ETP',0),('b59','201712','KM',0),('b59','201712','NUI',0),('b59','201712','REP',0),('b59','201801','ETP',0),('b59','201801','KM',0),('b59','201801','NUI',0),('b59','201801','REP',0),('b59','201802','ETP',0),('b59','201802','KM',0),('b59','201802','NUI',0),('b59','201802','REP',0),('c14','201609','ETP',19),('c14','201609','KM',582),('c14','201609','NUI',6),('c14','201609','REP',10),('c14','201610','ETP',4),('c14','201610','KM',342),('c14','201610','NUI',15),('c14','201610','REP',9),('c14','201611','ETP',16),('c14','201611','KM',927),('c14','201611','NUI',13),('c14','201611','REP',3),('c14','201612','ETP',13),('c14','201612','KM',476),('c14','201612','NUI',7),('c14','201612','REP',10),('c14','201701','ETP',17),('c14','201701','KM',982),('c14','201701','NUI',17),('c14','201701','REP',5),('c14','201702','ETP',4),('c14','201702','KM',584),('c14','201702','NUI',13),('c14','201702','REP',9),('c14','201703','ETP',16),('c14','201703','KM',572),('c14','201703','NUI',14),('c14','201703','REP',14),('c14','201704','ETP',10),('c14','201704','KM',488),('c14','201704','NUI',9),('c14','201704','REP',2),('c14','201705','ETP',9),('c14','201705','KM',923),('c14','201705','NUI',18),('c14','201705','REP',3),('c14','201706','ETP',8),('c14','201706','KM',716),('c14','201706','NUI',10),('c14','201706','REP',20),('c14','201707','ETP',10),('c14','201707','KM',458),('c14','201707','NUI',5),('c14','201707','REP',7),('c14','201708','ETP',11),('c14','201708','KM',391),('c14','201708','NUI',11),('c14','201708','REP',4),('c14','201709','ETP',15),('c14','201709','KM',404),('c14','201709','NUI',8),('c14','201709','REP',3),('c14','201710','ETP',16),('c14','201710','KM',739),('c14','201710','NUI',7),('c14','201710','REP',5),('c14','201802','ETP',28),('c14','201802','KM',1450),('c14','201802','NUI',28),('c14','201802','REP',100),('c3','201609','ETP',18),('c3','201609','KM',585),('c3','201609','NUI',5),('c3','201609','REP',3),('c3','201610','ETP',17),('c3','201610','KM',885),('c3','201610','NUI',12),('c3','201610','REP',18),('c3','201611','ETP',16),('c3','201611','KM',827),('c3','201611','NUI',8),('c3','201611','REP',4),('c3','201612','ETP',9),('c3','201612','KM',652),('c3','201612','NUI',2),('c3','201612','REP',20),('c3','201701','ETP',2),('c3','201701','KM',953),('c3','201701','NUI',13),('c3','201701','REP',20),('c3','201702','ETP',8),('c3','201702','KM',568),('c3','201702','NUI',12),('c3','201702','REP',5),('c3','201703','ETP',11),('c3','201703','KM',789),('c3','201703','NUI',16),('c3','201703','REP',7),('c3','201704','ETP',7),('c3','201704','KM',456),('c3','201704','NUI',17),('c3','201704','REP',8),('c3','201705','ETP',18),('c3','201705','KM',861),('c3','201705','NUI',12),('c3','201705','REP',19),('c3','201706','ETP',2),('c3','201706','KM',843),('c3','201706','NUI',12),('c3','201706','REP',4),('c3','201707','ETP',20),('c3','201707','KM',993),('c3','201707','NUI',15),('c3','201707','REP',12),('c3','201708','ETP',8),('c3','201708','KM',852),('c3','201708','NUI',11),('c3','201708','REP',7),('c3','201709','ETP',10),('c3','201709','KM',309),('c3','201709','NUI',20),('c3','201709','REP',20),('c3','201710','ETP',20),('c3','201710','KM',307),('c3','201710','NUI',11),('c3','201710','REP',13),('c3','201711','ETP',1),('c3','201711','KM',250),('c3','201711','NUI',15),('c3','201711','REP',28),('c3','201712','ETP',1),('c3','201712','KM',2),('c3','201712','NUI',4),('c3','201712','REP',3),('c3','201802','ETP',25),('c3','201802','KM',858),('c3','201802','NUI',24),('c3','201802','REP',57),('c54','201609','ETP',14),('c54','201609','KM',436),('c54','201609','NUI',6),('c54','201609','REP',18),('c54','201610','ETP',16),('c54','201610','KM',699),('c54','201610','NUI',17),('c54','201610','REP',4),('c54','201611','ETP',4),('c54','201611','KM',363),('c54','201611','NUI',10),('c54','201611','REP',15),('c54','201612','ETP',3),('c54','201612','KM',721),('c54','201612','NUI',19),('c54','201612','REP',8),('c54','201701','ETP',5),('c54','201701','KM',613),('c54','201701','NUI',18),('c54','201701','REP',2),('c54','201702','ETP',16),('c54','201702','KM',629),('c54','201702','NUI',5),('c54','201702','REP',8),('c54','201703','ETP',12),('c54','201703','KM',309),('c54','201703','NUI',8),('c54','201703','REP',10),('c54','201704','ETP',14),('c54','201704','KM',947),('c54','201704','NUI',7),('c54','201704','REP',18),('c54','201705','ETP',19),('c54','201705','KM',679),('c54','201705','NUI',11),('c54','201705','REP',16),('c54','201706','ETP',11),('c54','201706','KM',799),('c54','201706','NUI',20),('c54','201706','REP',14),('c54','201707','ETP',4),('c54','201707','KM',847),('c54','201707','NUI',5),('c54','201707','REP',15),('c54','201708','ETP',2),('c54','201708','KM',712),('c54','201708','NUI',3),('c54','201708','REP',11),('c54','201709','ETP',19),('c54','201709','KM',637),('c54','201709','NUI',3),('c54','201709','REP',3),('c54','201710','ETP',20),('c54','201710','KM',510),('c54','201710','NUI',6),('c54','201710','REP',4),('ct01','201802','ETP',0),('ct01','201802','KM',0),('ct01','201802','NUI',0),('ct01','201802','REP',0),('d13','201609','ETP',20),('d13','201609','KM',574),('d13','201609','NUI',2),('d13','201609','REP',13),('d13','201610','ETP',3),('d13','201610','KM',719),('d13','201610','NUI',8),('d13','201610','REP',6),('d13','201611','ETP',3),('d13','201611','KM',484),('d13','201611','NUI',14),('d13','201611','REP',2),('d13','201612','ETP',4),('d13','201612','KM',462),('d13','201612','NUI',2),('d13','201612','REP',13),('d13','201701','ETP',20),('d13','201701','KM',893),('d13','201701','NUI',17),('d13','201701','REP',3),('d13','201702','ETP',18),('d13','201702','KM',966),('d13','201702','NUI',3),('d13','201702','REP',2),('d13','201703','ETP',10),('d13','201703','KM',923),('d13','201703','NUI',5),('d13','201703','REP',12),('d13','201704','ETP',2),('d13','201704','KM',655),('d13','201704','NUI',6),('d13','201704','REP',6),('d13','201705','ETP',6),('d13','201705','KM',401),('d13','201705','NUI',13),('d13','201705','REP',5),('d13','201706','ETP',9),('d13','201706','KM',754),('d13','201706','NUI',6),('d13','201706','REP',20),('d13','201707','ETP',3),('d13','201707','KM',552),('d13','201707','NUI',15),('d13','201707','REP',15),('d13','201708','ETP',14),('d13','201708','KM',387),('d13','201708','NUI',19),('d13','201708','REP',20),('d13','201709','ETP',15),('d13','201709','KM',501),('d13','201709','NUI',8),('d13','201709','REP',18),('d13','201710','ETP',13),('d13','201710','KM',782),('d13','201710','NUI',19),('d13','201710','REP',20),('d51','201609','ETP',19),('d51','201609','KM',772),('d51','201609','NUI',5),('d51','201609','REP',9),('d51','201610','ETP',20),('d51','201610','KM',361),('d51','201610','NUI',3),('d51','201610','REP',16),('d51','201611','ETP',10),('d51','201611','KM',491),('d51','201611','NUI',2),('d51','201611','REP',4),('d51','201612','ETP',11),('d51','201612','KM',351),('d51','201612','NUI',3),('d51','201612','REP',3),('d51','201701','ETP',20),('d51','201701','KM',883),('d51','201701','NUI',13),('d51','201701','REP',15),('d51','201702','ETP',2),('d51','201702','KM',576),('d51','201702','NUI',14),('d51','201702','REP',14),('d51','201703','ETP',8),('d51','201703','KM',371),('d51','201703','NUI',15),('d51','201703','REP',20),('d51','201704','ETP',5),('d51','201704','KM',861),('d51','201704','NUI',14),('d51','201704','REP',6),('d51','201705','ETP',6),('d51','201705','KM',884),('d51','201705','NUI',2),('d51','201705','REP',13),('d51','201706','ETP',16),('d51','201706','KM',330),('d51','201706','NUI',16),('d51','201706','REP',14),('d51','201707','ETP',10),('d51','201707','KM',843),('d51','201707','NUI',8),('d51','201707','REP',9),('d51','201708','ETP',12),('d51','201708','KM',911),('d51','201708','NUI',15),('d51','201708','REP',12),('d51','201709','ETP',16),('d51','201709','KM',775),('d51','201709','NUI',9),('d51','201709','REP',4),('d51','201710','ETP',6),('d51','201710','KM',326),('d51','201710','NUI',8),('d51','201710','REP',15),('e22','201609','ETP',17),('e22','201609','KM',505),('e22','201609','NUI',20),('e22','201609','REP',10),('e22','201610','ETP',14),('e22','201610','KM',501),('e22','201610','NUI',7),('e22','201610','REP',19),('e22','201611','ETP',10),('e22','201611','KM',557),('e22','201611','NUI',16),('e22','201611','REP',5),('e22','201612','ETP',10),('e22','201612','KM',562),('e22','201612','NUI',8),('e22','201612','REP',19),('e22','201701','ETP',9),('e22','201701','KM',758),('e22','201701','NUI',12),('e22','201701','REP',3),('e22','201702','ETP',10),('e22','201702','KM',333),('e22','201702','NUI',7),('e22','201702','REP',9),('e22','201703','ETP',9),('e22','201703','KM',931),('e22','201703','NUI',3),('e22','201703','REP',18),('e22','201704','ETP',9),('e22','201704','KM',339),('e22','201704','NUI',18),('e22','201704','REP',5),('e22','201705','ETP',5),('e22','201705','KM',901),('e22','201705','NUI',3),('e22','201705','REP',8),('e22','201706','ETP',20),('e22','201706','KM',405),('e22','201706','NUI',16),('e22','201706','REP',20),('e22','201707','ETP',12),('e22','201707','KM',493),('e22','201707','NUI',8),('e22','201707','REP',5),('e22','201708','ETP',2),('e22','201708','KM',356),('e22','201708','NUI',17),('e22','201708','REP',12),('e22','201709','ETP',5),('e22','201709','KM',935),('e22','201709','NUI',13),('e22','201709','REP',4),('e22','201710','ETP',6),('e22','201710','KM',718),('e22','201710','NUI',15),('e22','201710','REP',13),('e24','201609','ETP',19),('e24','201609','KM',648),('e24','201609','NUI',13),('e24','201609','REP',2),('e24','201610','ETP',9),('e24','201610','KM',615),('e24','201610','NUI',6),('e24','201610','REP',20),('e24','201611','ETP',9),('e24','201611','KM',859),('e24','201611','NUI',3),('e24','201611','REP',12),('e24','201612','ETP',5),('e24','201612','KM',571),('e24','201612','NUI',4),('e24','201612','REP',9),('e24','201701','ETP',11),('e24','201701','KM',693),('e24','201701','NUI',17),('e24','201701','REP',11),('e24','201702','ETP',10),('e24','201702','KM',413),('e24','201702','NUI',4),('e24','201702','REP',12),('e24','201703','ETP',18),('e24','201703','KM',674),('e24','201703','NUI',12),('e24','201703','REP',13),('e24','201704','ETP',19),('e24','201704','KM',665),('e24','201704','NUI',2),('e24','201704','REP',6),('e24','201705','ETP',7),('e24','201705','KM',628),('e24','201705','NUI',2),('e24','201705','REP',12),('e24','201706','ETP',6),('e24','201706','KM',452),('e24','201706','NUI',11),('e24','201706','REP',5),('e24','201707','ETP',11),('e24','201707','KM',379),('e24','201707','NUI',20),('e24','201707','REP',5),('e24','201708','ETP',7),('e24','201708','KM',300),('e24','201708','NUI',9),('e24','201708','REP',5),('e24','201709','ETP',7),('e24','201709','KM',454),('e24','201709','NUI',5),('e24','201709','REP',6),('e24','201710','ETP',16),('e24','201710','KM',733),('e24','201710','NUI',8),('e24','201710','REP',19),('e39','201609','ETP',9),('e39','201609','KM',676),('e39','201609','NUI',9),('e39','201609','REP',9),('e39','201610','ETP',10),('e39','201610','KM',876),('e39','201610','NUI',5),('e39','201610','REP',6),('e39','201611','ETP',12),('e39','201611','KM',871),('e39','201611','NUI',7),('e39','201611','REP',10),('e39','201612','ETP',2),('e39','201612','KM',553),('e39','201612','NUI',14),('e39','201612','REP',16),('e39','201701','ETP',11),('e39','201701','KM',863),('e39','201701','NUI',15),('e39','201701','REP',5),('e39','201702','ETP',7),('e39','201702','KM',992),('e39','201702','NUI',11),('e39','201702','REP',8),('e39','201703','ETP',2),('e39','201703','KM',478),('e39','201703','NUI',9),('e39','201703','REP',7),('e39','201704','ETP',20),('e39','201704','KM',614),('e39','201704','NUI',10),('e39','201704','REP',15),('e39','201705','ETP',17),('e39','201705','KM',941),('e39','201705','NUI',3),('e39','201705','REP',13),('e39','201706','ETP',17),('e39','201706','KM',648),('e39','201706','NUI',6),('e39','201706','REP',12),('e39','201707','ETP',15),('e39','201707','KM',676),('e39','201707','NUI',10),('e39','201707','REP',16),('e39','201708','ETP',13),('e39','201708','KM',916),('e39','201708','NUI',15),('e39','201708','REP',15),('e39','201709','ETP',8),('e39','201709','KM',909),('e39','201709','NUI',8),('e39','201709','REP',12),('e39','201710','ETP',4),('e39','201710','KM',545),('e39','201710','NUI',11),('e39','201710','REP',18),('e49','201609','ETP',13),('e49','201609','KM',765),('e49','201609','NUI',11),('e49','201609','REP',16),('e49','201610','ETP',2),('e49','201610','KM',759),('e49','201610','NUI',9),('e49','201610','REP',17),('e49','201611','ETP',4),('e49','201611','KM',768),('e49','201611','NUI',14),('e49','201611','REP',4),('e49','201612','ETP',4),('e49','201612','KM',683),('e49','201612','NUI',5),('e49','201612','REP',7),('e49','201701','ETP',15),('e49','201701','KM',744),('e49','201701','NUI',11),('e49','201701','REP',9),('e49','201702','ETP',4),('e49','201702','KM',842),('e49','201702','NUI',13),('e49','201702','REP',2),('e49','201703','ETP',3),('e49','201703','KM',517),('e49','201703','NUI',18),('e49','201703','REP',7),('e49','201704','ETP',17),('e49','201704','KM',360),('e49','201704','NUI',8),('e49','201704','REP',17),('e49','201705','ETP',2),('e49','201705','KM',613),('e49','201705','NUI',11),('e49','201705','REP',13),('e49','201706','ETP',20),('e49','201706','KM',465),('e49','201706','NUI',6),('e49','201706','REP',8),('e49','201707','ETP',7),('e49','201707','KM',858),('e49','201707','NUI',3),('e49','201707','REP',3),('e49','201708','ETP',7),('e49','201708','KM',980),('e49','201708','NUI',20),('e49','201708','REP',9),('e49','201709','ETP',13),('e49','201709','KM',373),('e49','201709','NUI',10),('e49','201709','REP',10),('e49','201710','ETP',11),('e49','201710','KM',329),('e49','201710','NUI',8),('e49','201710','REP',15),('e5','201609','ETP',15),('e5','201609','KM',388),('e5','201609','NUI',6),('e5','201609','REP',10),('e5','201610','ETP',10),('e5','201610','KM',439),('e5','201610','NUI',3),('e5','201610','REP',3),('e5','201611','ETP',9),('e5','201611','KM',725),('e5','201611','NUI',8),('e5','201611','REP',17),('e5','201612','ETP',16),('e5','201612','KM',434),('e5','201612','NUI',19),('e5','201612','REP',6),('e5','201701','ETP',8),('e5','201701','KM',509),('e5','201701','NUI',9),('e5','201701','REP',9),('e5','201702','ETP',7),('e5','201702','KM',840),('e5','201702','NUI',14),('e5','201702','REP',18),('e5','201703','ETP',8),('e5','201703','KM',967),('e5','201703','NUI',5),('e5','201703','REP',17),('e5','201704','ETP',16),('e5','201704','KM',780),('e5','201704','NUI',2),('e5','201704','REP',17),('e5','201705','ETP',5),('e5','201705','KM',521),('e5','201705','NUI',11),('e5','201705','REP',19),('e5','201706','ETP',18),('e5','201706','KM',781),('e5','201706','NUI',15),('e5','201706','REP',16),('e5','201707','ETP',12),('e5','201707','KM',398),('e5','201707','NUI',3),('e5','201707','REP',9),('e5','201708','ETP',10),('e5','201708','KM',666),('e5','201708','NUI',12),('e5','201708','REP',11),('e5','201709','ETP',6),('e5','201709','KM',423),('e5','201709','NUI',13),('e5','201709','REP',3),('e5','201710','ETP',5),('e5','201710','KM',963),('e5','201710','NUI',6),('e5','201710','REP',15),('e52','201609','ETP',2),('e52','201609','KM',421),('e52','201609','NUI',18),('e52','201609','REP',13),('e52','201610','ETP',18),('e52','201610','KM',793),('e52','201610','NUI',11),('e52','201610','REP',6),('e52','201611','ETP',12),('e52','201611','KM',917),('e52','201611','NUI',14),('e52','201611','REP',17),('e52','201612','ETP',6),('e52','201612','KM',684),('e52','201612','NUI',5),('e52','201612','REP',17),('e52','201701','ETP',14),('e52','201701','KM',335),('e52','201701','NUI',14),('e52','201701','REP',9),('e52','201702','ETP',2),('e52','201702','KM',460),('e52','201702','NUI',20),('e52','201702','REP',4),('e52','201703','ETP',3),('e52','201703','KM',601),('e52','201703','NUI',14),('e52','201703','REP',4),('e52','201704','ETP',20),('e52','201704','KM',647),('e52','201704','NUI',14),('e52','201704','REP',20),('e52','201705','ETP',11),('e52','201705','KM',840),('e52','201705','NUI',9),('e52','201705','REP',16),('e52','201706','ETP',18),('e52','201706','KM',368),('e52','201706','NUI',19),('e52','201706','REP',3),('e52','201707','ETP',16),('e52','201707','KM',876),('e52','201707','NUI',14),('e52','201707','REP',2),('e52','201708','ETP',10),('e52','201708','KM',851),('e52','201708','NUI',12),('e52','201708','REP',6),('e52','201709','ETP',13),('e52','201709','KM',534),('e52','201709','NUI',4),('e52','201709','REP',15),('e52','201710','ETP',10),('e52','201710','KM',517),('e52','201710','NUI',8),('e52','201710','REP',4),('f21','201609','ETP',15),('f21','201609','KM',340),('f21','201609','NUI',13),('f21','201609','REP',12),('f21','201610','ETP',14),('f21','201610','KM',594),('f21','201610','NUI',20),('f21','201610','REP',12),('f21','201611','ETP',19),('f21','201611','KM',820),('f21','201611','NUI',17),('f21','201611','REP',7),('f21','201612','ETP',16),('f21','201612','KM',907),('f21','201612','NUI',5),('f21','201612','REP',7),('f21','201701','ETP',18),('f21','201701','KM',396),('f21','201701','NUI',12),('f21','201701','REP',14),('f21','201702','ETP',12),('f21','201702','KM',579),('f21','201702','NUI',17),('f21','201702','REP',2),('f21','201703','ETP',10),('f21','201703','KM',996),('f21','201703','NUI',11),('f21','201703','REP',10),('f21','201704','ETP',16),('f21','201704','KM',837),('f21','201704','NUI',12),('f21','201704','REP',11),('f21','201705','ETP',7),('f21','201705','KM',342),('f21','201705','NUI',10),('f21','201705','REP',8),('f21','201706','ETP',5),('f21','201706','KM',804),('f21','201706','NUI',4),('f21','201706','REP',12),('f21','201707','ETP',5),('f21','201707','KM',362),('f21','201707','NUI',4),('f21','201707','REP',5),('f21','201708','ETP',11),('f21','201708','KM',307),('f21','201708','NUI',8),('f21','201708','REP',18),('f21','201709','ETP',18),('f21','201709','KM',880),('f21','201709','NUI',7),('f21','201709','REP',14),('f21','201710','ETP',11),('f21','201710','KM',570),('f21','201710','NUI',19),('f21','201710','REP',5),('f39','201609','ETP',4),('f39','201609','KM',319),('f39','201609','NUI',15),('f39','201609','REP',11),('f39','201610','ETP',20),('f39','201610','KM',718),('f39','201610','NUI',13),('f39','201610','REP',7),('f39','201611','ETP',15),('f39','201611','KM',607),('f39','201611','NUI',4),('f39','201611','REP',12),('f39','201612','ETP',12),('f39','201612','KM',576),('f39','201612','NUI',5),('f39','201612','REP',19),('f39','201701','ETP',7),('f39','201701','KM',868),('f39','201701','NUI',7),('f39','201701','REP',10),('f39','201702','ETP',4),('f39','201702','KM',670),('f39','201702','NUI',8),('f39','201702','REP',17),('f39','201703','ETP',15),('f39','201703','KM',926),('f39','201703','NUI',19),('f39','201703','REP',2),('f39','201704','ETP',8),('f39','201704','KM',824),('f39','201704','NUI',19),('f39','201704','REP',15),('f39','201705','ETP',15),('f39','201705','KM',606),('f39','201705','NUI',17),('f39','201705','REP',20),('f39','201706','ETP',2),('f39','201706','KM',863),('f39','201706','NUI',13),('f39','201706','REP',9),('f39','201707','ETP',20),('f39','201707','KM',434),('f39','201707','NUI',15),('f39','201707','REP',3),('f39','201708','ETP',18),('f39','201708','KM',611),('f39','201708','NUI',4),('f39','201708','REP',14),('f39','201709','ETP',8),('f39','201709','KM',935),('f39','201709','NUI',7),('f39','201709','REP',4),('f39','201710','ETP',13),('f39','201710','KM',595),('f39','201710','NUI',6),('f39','201710','REP',4),('f4','201609','ETP',10),('f4','201609','KM',533),('f4','201609','NUI',10),('f4','201609','REP',16),('f4','201610','ETP',3),('f4','201610','KM',640),('f4','201610','NUI',16),('f4','201610','REP',14),('f4','201611','ETP',5),('f4','201611','KM',454),('f4','201611','NUI',16),('f4','201611','REP',17),('f4','201612','ETP',20),('f4','201612','KM',569),('f4','201612','NUI',9),('f4','201612','REP',19),('f4','201701','ETP',5),('f4','201701','KM',523),('f4','201701','NUI',4),('f4','201701','REP',2),('f4','201702','ETP',2),('f4','201702','KM',909),('f4','201702','NUI',19),('f4','201702','REP',15),('f4','201703','ETP',6),('f4','201703','KM',565),('f4','201703','NUI',6),('f4','201703','REP',4),('f4','201704','ETP',20),('f4','201704','KM',784),('f4','201704','NUI',2),('f4','201704','REP',17),('f4','201705','ETP',3),('f4','201705','KM',404),('f4','201705','NUI',17),('f4','201705','REP',18),('f4','201706','ETP',14),('f4','201706','KM',718),('f4','201706','NUI',11),('f4','201706','REP',19),('f4','201707','ETP',11),('f4','201707','KM',566),('f4','201707','NUI',14),('f4','201707','REP',2),('f4','201708','ETP',16),('f4','201708','KM',538),('f4','201708','NUI',4),('f4','201708','REP',17),('f4','201709','ETP',5),('f4','201709','KM',876),('f4','201709','NUI',10),('f4','201709','REP',8),('f4','201710','ETP',2),('f4','201710','KM',769),('f4','201710','NUI',13),('f4','201710','REP',6),('f4','201711','ETP',0),('f4','201711','KM',0),('f4','201711','NUI',0),('f4','201711','REP',0),('f4','201712','ETP',0),('f4','201712','KM',0),('f4','201712','NUI',0),('f4','201712','REP',0),('f4','201801','ETP',0),('f4','201801','KM',0),('f4','201801','NUI',0),('f4','201801','REP',0),('f4','201802','ETP',0),('f4','201802','KM',0),('f4','201802','NUI',0),('f4','201802','REP',0);
/*!40000 ALTER TABLE `lignefraisforfait` ENABLE KEYS */;
UNLOCK TABLES;

--
-- Table structure for table `lignefraishorsforfait`
--

DROP TABLE IF EXISTS `lignefraishorsforfait`;
/*!40101 SET @saved_cs_client     = @@character_set_client */;
/*!40101 SET character_set_client = utf8 */;
CREATE TABLE `lignefraishorsforfait` (
  `id` int(11) NOT NULL AUTO_INCREMENT,
  `idvisiteur` char(4) NOT NULL,
  `mois` char(6) NOT NULL,
  `libelle` varchar(100) DEFAULT NULL,
  `date` date DEFAULT NULL,
  `montant` decimal(10,2) DEFAULT NULL,
  `refuse` tinyint(1) DEFAULT '0',
  PRIMARY KEY (`id`),
  KEY `idvisiteur` (`idvisiteur`,`mois`),
  CONSTRAINT `lignefraishorsforfait_ibfk_1` FOREIGN KEY (`idvisiteur`, `mois`) REFERENCES `fichefrais` (`idvisiteur`, `mois`)
) ENGINE=InnoDB AUTO_INCREMENT=1406 DEFAULT CHARSET=latin1;
/*!40101 SET character_set_client = @saved_cs_client */;

--
-- Dumping data for table `lignefraishorsforfait`
--

LOCK TABLES `lignefraishorsforfait` WRITE;
/*!40000 ALTER TABLE `lignefraishorsforfait` DISABLE KEYS */;
INSERT INTO `lignefraishorsforfait` VALUES (1,'a131','201609','Taxi','2016-09-16',20.00,NULL),(2,'a131','201609','Taxi','2016-09-20',40.00,NULL),(3,'a131','201609','Location véhicule','2016-09-10',262.00,NULL),(4,'a131','201609','Repas avec praticien','2016-09-04',38.00,NULL),(5,'a131','201609','Repas avec praticien','2016-09-17',32.00,NULL),(6,'a131','201609','Rémunération intervenant/spécialiste','2016-09-11',1119.00,NULL),(7,'a131','201610','Location salle conférence','2016-10-20',476.00,NULL),(8,'a131','201610','Repas avec praticien','2016-10-20',32.00,NULL),(9,'a131','201610','Rémunération intervenant/spécialiste','2016-10-27',270.00,NULL),(10,'a131','201610','Location véhicule','2016-10-02',88.00,NULL),(11,'a131','201611','Location salle conférence','2016-11-09',479.00,NULL),(12,'a131','201611','Location salle conférence','2016-11-06',307.00,NULL),(13,'a131','201611','Taxi','2016-11-14',35.00,NULL),(14,'a131','201612','Traiteur, alimentation, boisson','2016-12-22',297.00,NULL),(15,'a131','201612','Location véhicule','2016-12-17',435.00,NULL),(16,'a131','201612','Repas avec praticien','2016-12-05',37.00,NULL),(17,'a131','201612','Rémunération intervenant/spécialiste','2016-12-27',1127.00,NULL),(18,'a131','201612','Rémunération intervenant/spécialiste','2016-12-21',325.00,NULL),(19,'a131','201612','Location salle conférence','2016-12-09',426.00,NULL),(20,'a131','201701','Repas avec praticien','2017-01-14',34.00,NULL),(21,'a131','201702','Location équipement vidéo/sonore','2017-02-05',552.00,NULL),(22,'a131','201702','Achat de matériel de papèterie','2017-02-06',44.00,NULL),(23,'a131','201702','Voyage SNCF','2017-02-06',113.00,NULL),(24,'a131','201703','Repas avec praticien','2017-03-04',45.00,NULL),(25,'a131','201703','Location salle conférence','2017-03-13',614.00,NULL),(26,'a131','201703','Voyage SNCF','2017-03-21',91.00,NULL),(27,'a131','201703','Traiteur, alimentation, boisson','2017-03-19',272.00,NULL),(28,'a131','201703','Voyage SNCF','2017-03-09',75.00,NULL),(29,'a131','201703','Location véhicule','2017-03-15',410.00,NULL),(30,'a131','201704','Traiteur, alimentation, boisson','2017-04-07',447.00,NULL),(31,'a131','201705','Location véhicule','2017-05-08',180.00,NULL),(32,'a131','201705','Achat de matériel de papèterie','2017-05-04',13.00,NULL),(33,'a131','201705','Location équipement vidéo/sonore','2017-05-07',698.00,NULL),(34,'a131','201705','Location véhicule','2017-05-22',257.00,NULL),(35,'a131','201706','Rémunération intervenant/spécialiste','2017-06-26',970.00,NULL),(36,'a131','201706','Rémunération intervenant/spécialiste','2017-06-04',349.00,NULL),(37,'a131','201706','Traiteur, alimentation, boisson','2017-06-09',230.00,NULL),(38,'a131','201706','Frais vestimentaire/représentation','2017-06-02',288.00,NULL),(39,'a131','201706','Location véhicule','2017-06-11',360.00,NULL),(40,'a131','201707','Location véhicule','2017-07-19',447.00,NULL),(41,'a131','201707','Repas avec praticien','2017-07-07',49.00,NULL),(42,'a131','201707','Location véhicule','2017-07-04',384.00,NULL),(43,'a131','201707','Location équipement vidéo/sonore','2017-07-10',688.00,NULL),(44,'a131','201707','Repas avec praticien','2017-07-23',35.00,NULL),(45,'a131','201707','Repas avec praticien','2017-07-27',45.00,NULL),(46,'a131','201708','Location équipement vidéo/sonore','2017-08-16',749.00,NULL),(47,'a131','201708','Frais vestimentaire/représentation','2017-08-15',100.00,NULL),(48,'a131','201708','Taxi','2017-08-03',76.00,NULL),(49,'a131','201708','Repas avec praticien','2017-08-18',33.00,NULL),(50,'a131','201709','Repas avec praticien','2017-09-03',48.00,NULL),(51,'a131','201709','Frais vestimentaire/représentation','2017-09-14',227.00,NULL),(52,'a131','201710','Achat de matériel de papèterie','2017-10-16',24.00,NULL),(53,'a131','201710','Location véhicule','2017-10-04',114.00,NULL),(54,'a131','201710','Taxi','2017-10-27',20.00,NULL),(55,'a131','201710','Location équipement vidéo/sonore','2017-10-24',100.00,NULL),(56,'a17','201609','Location équipement vidéo/sonore','2016-09-17',144.00,NULL),(57,'a17','201609','Frais vestimentaire/représentation','2016-09-04',101.00,NULL),(58,'a17','201609','Location véhicule','2016-09-02',73.00,NULL),(59,'a17','201609','Frais vestimentaire/représentation','2016-09-24',114.00,NULL),(60,'a17','201610','Frais vestimentaire/représentation','2016-10-09',122.00,NULL),(61,'a17','201610','Location véhicule','2016-10-14',114.00,NULL),(62,'a17','201611','Frais vestimentaire/représentation','2016-11-17',252.00,NULL),(63,'a17','201612','Repas avec praticien','2016-12-06',47.00,NULL),(64,'a17','201612','Frais vestimentaire/représentation','2016-12-22',344.00,NULL),(65,'a17','201612','Location véhicule','2016-12-24',55.00,NULL),(66,'a17','201612','Rémunération intervenant/spécialiste','2016-12-24',279.00,NULL),(67,'a17','201701','Location salle conférence','2017-01-11',211.00,NULL),(68,'a17','201702','Location équipement vidéo/sonore','2017-02-05',553.00,NULL),(69,'a17','201702','Frais vestimentaire/représentation','2017-02-22',131.00,NULL),(70,'a17','201702','Voyage SNCF','2017-02-12',66.00,NULL),(71,'a17','201702','Repas avec praticien','2017-02-15',37.00,NULL),(72,'a17','201702','Voyage SNCF','2017-02-17',96.00,NULL),(73,'a17','201703','Location véhicule','2017-03-21',130.00,NULL),(74,'a17','201703','Frais vestimentaire/représentation','2017-03-28',179.00,NULL),(75,'a17','201703','Frais vestimentaire/représentation','2017-03-18',179.00,NULL),(76,'a17','201704','Location salle conférence','2017-04-16',376.00,NULL),(77,'a17','201704','Location salle conférence','2017-04-20',548.00,NULL),(78,'a17','201704','Rémunération intervenant/spécialiste','2017-04-13',1048.00,NULL),(79,'a17','201704','Location véhicule','2017-04-19',403.00,NULL),(80,'a17','201704','Frais vestimentaire/représentation','2017-04-20',120.00,NULL),(81,'a17','201704','Frais vestimentaire/représentation','2017-04-21',317.00,NULL),(82,'a17','201705','Location salle conférence','2017-05-21',245.00,NULL),(83,'a17','201706','Repas avec praticien','2017-06-01',48.00,NULL),(84,'a17','201706','Location véhicule','2017-06-08',207.00,NULL),(85,'a17','201706','Frais vestimentaire/représentation','2017-06-21',346.00,NULL),(86,'a17','201707','Location véhicule','2017-07-08',279.00,NULL),(87,'a17','201707','Location équipement vidéo/sonore','2017-07-15',101.00,NULL),(88,'a17','201707','Voyage SNCF','2017-07-02',123.00,NULL),(89,'a17','201708','Location équipement vidéo/sonore','2017-08-01',338.00,NULL),(90,'a17','201708','Achat de matériel de papèterie','2017-08-12',45.00,NULL),(91,'a17','201709','Taxi','2017-09-25',51.00,NULL),(92,'a17','201709','Location équipement vidéo/sonore','2017-09-27',820.00,NULL),(93,'a17','201710','Location salle conférence','2017-10-24',593.00,0),(94,'a17','201710','REFUSE-Location véhicule','2017-10-04',341.00,1),(95,'a17','201710','Location salle conférence','2017-10-20',442.00,NULL),(96,'a55','201609','Voyage SNCF','2016-09-07',44.00,NULL),(97,'a55','201609','Location équipement vidéo/sonore','2016-09-04',280.00,NULL),(98,'a55','201609','Location équipement vidéo/sonore','2016-09-16',222.00,NULL),(99,'a55','201609','Location salle conférence','2016-09-06',451.00,NULL),(100,'a55','201610','Traiteur, alimentation, boisson','2016-10-06',36.00,NULL),(101,'a55','201610','Rémunération intervenant/spécialiste','2016-10-19',900.00,NULL),(102,'a55','201610','Voyage SNCF','2016-10-24',41.00,NULL),(103,'a55','201610','Location équipement vidéo/sonore','2016-10-26',147.00,NULL),(104,'a55','201611','Repas avec praticien','2016-11-16',32.00,NULL),(105,'a55','201611','Frais vestimentaire/représentation','2016-11-12',118.00,NULL),(106,'a55','201611','Traiteur, alimentation, boisson','2016-11-17',332.00,NULL),(107,'a55','201611','Voyage SNCF','2016-11-20',67.00,NULL),(108,'a55','201612','Traiteur, alimentation, boisson','2016-12-12',397.00,NULL),(109,'a55','201701','Frais vestimentaire/représentation','2017-01-22',102.00,NULL),(110,'a55','201701','Location véhicule','2017-01-17',180.00,NULL),(111,'a55','201701','Location véhicule','2017-01-13',442.00,NULL),(112,'a55','201702','Voyage SNCF','2017-02-13',57.00,NULL),(113,'a55','201702','Repas avec praticien','2017-02-02',34.00,NULL),(114,'a55','201702','Traiteur, alimentation, boisson','2017-02-11',256.00,NULL),(115,'a55','201703','Location véhicule','2017-03-24',70.00,NULL),(116,'a55','201703','Rémunération intervenant/spécialiste','2017-03-14',1174.00,NULL),(117,'a55','201703','Frais vestimentaire/représentation','2017-03-27',38.00,NULL),(118,'a55','201703','Location véhicule','2017-03-22',257.00,NULL),(119,'a55','201703','Location salle conférence','2017-03-28',620.00,NULL),(120,'a55','201703','Location salle conférence','2017-03-28',336.00,NULL),(121,'a55','201704','Frais vestimentaire/représentation','2017-04-21',274.00,NULL),(122,'a55','201705','Location équipement vidéo/sonore','2017-05-10',115.00,NULL),(123,'a55','201705','Taxi','2017-05-09',79.00,NULL),(124,'a55','201706','Location salle conférence','2017-06-15',610.00,NULL),(125,'a55','201706','Traiteur, alimentation, boisson','2017-06-18',331.00,NULL),(126,'a55','201706','Voyage SNCF','2017-06-16',113.00,NULL),(127,'a55','201707','Rémunération intervenant/spécialiste','2017-07-12',544.00,NULL),(128,'a55','201707','Location équipement vidéo/sonore','2017-07-07',396.00,NULL),(129,'a55','201708','Rémunération intervenant/spécialiste','2017-08-03',986.00,NULL),(130,'a55','201708','Location véhicule','2017-08-07',181.00,NULL),(131,'a55','201708','Frais vestimentaire/représentation','2017-08-19',234.00,NULL),(132,'a55','201708','Location équipement vidéo/sonore','2017-08-13',406.00,NULL),(133,'a55','201708','Frais vestimentaire/représentation','2017-08-16',381.00,NULL),(134,'a55','201709','Location véhicule','2017-09-12',247.00,NULL),(135,'a55','201709','Location équipement vidéo/sonore','2017-09-26',247.00,NULL),(136,'a55','201709','Location équipement vidéo/sonore','2017-09-12',211.00,NULL),(137,'a55','201709','Location salle conférence','2017-09-21',439.00,NULL),(138,'a55','201709','Frais vestimentaire/représentation','2017-09-13',129.00,NULL),(139,'a55','201709','Location équipement vidéo/sonore','2017-09-14',578.00,NULL),(140,'a55','201709','Frais vestimentaire/représentation','2017-09-25',425.00,NULL),(141,'a55','201710','Taxi','2017-10-14',51.00,NULL),(142,'a55','201710','Location salle conférence','2017-10-06',591.00,NULL),(143,'a55','201710','Location équipement vidéo/sonore','2017-10-27',568.00,NULL),(144,'a55','201710','REFUSE-Taxi','2017-10-02',58.00,1),(145,'a93','201610','Traiteur, alimentation, boisson','2016-10-28',400.00,NULL),(146,'a93','201610','Taxi','2016-10-13',76.00,NULL),(147,'a93','201611','Repas avec praticien','2016-11-28',39.00,NULL),(148,'a93','201611','Repas avec praticien','2016-11-25',35.00,NULL),(149,'a93','201611','Location équipement vidéo/sonore','2016-11-27',669.00,NULL),(150,'a93','201611','Location salle conférence','2016-11-01',460.00,NULL),(151,'a93','201611','Location équipement vidéo/sonore','2016-11-28',740.00,NULL),(152,'a93','201612','Traiteur, alimentation, boisson','2016-12-19',244.00,NULL),(153,'a93','201612','Frais vestimentaire/représentation','2016-12-05',156.00,NULL),(154,'a93','201612','Frais vestimentaire/représentation','2016-12-14',342.00,NULL),(155,'a93','201701','Repas avec praticien','2017-01-19',50.00,NULL),(156,'a93','201701','Voyage SNCF','2017-01-19',136.00,NULL),(157,'a93','201701','Repas avec praticien','2017-01-01',47.00,NULL),(158,'a93','201701','Taxi','2017-01-13',31.00,NULL),(159,'a93','201702','Location salle conférence','2017-02-24',433.00,NULL),(160,'a93','201702','Location véhicule','2017-02-02',175.00,NULL),(161,'a93','201702','Frais vestimentaire/représentation','2017-02-25',169.00,NULL),(162,'a93','201702','Location véhicule','2017-02-12',159.00,NULL),(163,'a93','201702','Achat de matériel de papèterie','2017-02-24',50.00,NULL),(164,'a93','201702','Location équipement vidéo/sonore','2017-02-19',815.00,NULL),(165,'a93','201704','Location véhicule','2017-04-18',164.00,NULL),(166,'a93','201704','Location équipement vidéo/sonore','2017-04-25',425.00,NULL),(167,'a93','201704','Achat de matériel de papèterie','2017-04-17',40.00,NULL),(168,'a93','201704','Location équipement vidéo/sonore','2017-04-07',522.00,NULL),(169,'a93','201704','Location salle conférence','2017-04-23',240.00,NULL),(170,'a93','201704','Taxi','2017-04-28',52.00,NULL),(171,'a93','201705','Taxi','2017-05-08',22.00,NULL),(172,'a93','201705','Traiteur, alimentation, boisson','2017-05-15',65.00,NULL),(173,'a93','201706','Location équipement vidéo/sonore','2017-06-03',258.00,NULL),(174,'a93','201706','Traiteur, alimentation, boisson','2017-06-12',127.00,NULL),(175,'a93','201706','Location salle conférence','2017-06-16',608.00,NULL),(176,'a93','201707','Location véhicule','2017-07-09',249.00,NULL),(177,'a93','201708','Frais vestimentaire/représentation','2017-08-04',187.00,NULL),(178,'a93','201708','Frais vestimentaire/représentation','2017-08-27',407.00,NULL),(179,'a93','201708','Repas avec praticien','2017-08-17',34.00,NULL),(180,'a93','201708','Taxi','2017-08-14',61.00,NULL),(181,'a93','201708','Frais vestimentaire/représentation','2017-08-05',43.00,NULL),(182,'a93','201710','Location équipement vidéo/sonore','2017-10-28',167.00,NULL),(183,'a93','201710','Frais vestimentaire/représentation','2017-10-18',93.00,NULL),(184,'a93','201710','Rémunération intervenant/spécialiste','2017-10-17',811.00,NULL),(185,'b13','201609','Location salle conférence','2016-09-24',150.00,NULL),(186,'b13','201609','Frais vestimentaire/représentation','2016-09-12',274.00,NULL),(187,'b13','201609','Repas avec praticien','2016-09-06',49.00,NULL),(188,'b13','201610','Repas avec praticien','2016-10-21',45.00,NULL),(189,'b13','201610','Traiteur, alimentation, boisson','2016-10-07',446.00,NULL),(190,'b13','201611','Achat de matériel de papèterie','2016-11-22',34.00,NULL),(191,'b13','201612','Frais vestimentaire/représentation','2016-12-04',58.00,NULL),(192,'b13','201612','Location véhicule','2016-12-05',297.00,NULL),(193,'b13','201612','Location équipement vidéo/sonore','2016-12-07',646.00,NULL),(194,'b13','201612','Achat de matériel de papèterie','2016-12-09',25.00,NULL),(195,'b13','201612','Location salle conférence','2016-12-12',420.00,NULL),(196,'b13','201612','Achat de matériel de papèterie','2016-12-23',16.00,NULL),(197,'b13','201701','Repas avec praticien','2017-01-15',33.00,NULL),(198,'b13','201701','Voyage SNCF','2017-01-13',114.00,NULL),(199,'b13','201701','Frais vestimentaire/représentation','2017-01-27',378.00,NULL),(200,'b13','201701','Rémunération intervenant/spécialiste','2017-01-25',974.00,NULL),(201,'b13','201702','Rémunération intervenant/spécialiste','2017-02-02',958.00,NULL),(202,'b13','201702','Taxi','2017-02-08',59.00,NULL),(203,'b13','201702','Voyage SNCF','2017-02-03',106.00,NULL),(204,'b13','201702','Repas avec praticien','2017-02-07',33.00,NULL),(205,'b13','201703','Taxi','2017-03-23',43.00,NULL),(206,'b13','201703','Location équipement vidéo/sonore','2017-03-24',428.00,NULL),(207,'b13','201703','Rémunération intervenant/spécialiste','2017-03-19',773.00,NULL),(208,'b13','201704','Location équipement vidéo/sonore','2017-04-16',598.00,NULL),(209,'b13','201704','Location équipement vidéo/sonore','2017-04-18',394.00,NULL),(210,'b13','201704','Taxi','2017-04-11',36.00,NULL),(211,'b13','201704','Location salle conférence','2017-04-24',238.00,NULL),(212,'b13','201704','Repas avec praticien','2017-04-19',39.00,NULL),(213,'b13','201705','Rémunération intervenant/spécialiste','2017-05-21',639.00,NULL),(214,'b13','201705','Location équipement vidéo/sonore','2017-05-08',744.00,NULL),(215,'b13','201705','Location salle conférence','2017-05-02',175.00,NULL),(216,'b13','201705','Taxi','2017-05-08',36.00,NULL),(217,'b13','201706','Achat de matériel de papèterie','2017-06-24',20.00,NULL),(218,'b13','201706','Location équipement vidéo/sonore','2017-06-23',303.00,NULL),(219,'b13','201706','Location véhicule','2017-06-16',97.00,NULL),(220,'b13','201707','Repas avec praticien','2017-07-08',39.00,NULL),(221,'b13','201707','Achat de matériel de papèterie','2017-07-24',28.00,NULL),(222,'b13','201707','Repas avec praticien','2017-07-25',50.00,NULL),(223,'b13','201707','Traiteur, alimentation, boisson','2017-07-04',110.00,NULL),(224,'b13','201707','Frais vestimentaire/représentation','2017-07-04',87.00,NULL),(225,'b13','201708','Location véhicule','2017-08-28',120.00,NULL),(226,'b13','201709','Rémunération intervenant/spécialiste','2017-09-15',692.00,NULL),(227,'b13','201709','Voyage SNCF','2017-09-27',136.00,NULL),(228,'b13','201709','Frais vestimentaire/représentation','2017-09-11',63.00,NULL),(229,'b13','201709','Traiteur, alimentation, boisson','2017-09-24',279.00,NULL),(230,'b13','201710','Rémunération intervenant/spécialiste','2017-10-08',653.00,NULL),(231,'b13','201710','Frais vestimentaire/représentation','2017-10-25',395.00,NULL),(232,'b13','201710','Location salle conférence','2017-10-08',321.00,NULL),(233,'b13','201710','Traiteur, alimentation, boisson','2017-10-12',54.00,NULL),(234,'b16','201609','Repas avec praticien','2016-09-06',40.00,NULL),(235,'b16','201609','Achat de matériel de papèterie','2016-09-12',43.00,NULL),(236,'b16','201609','Traiteur, alimentation, boisson','2016-09-19',31.00,NULL),(237,'b16','201609','Frais vestimentaire/représentation','2016-09-24',184.00,NULL),(238,'b16','201609','Repas avec praticien','2016-09-21',32.00,NULL),(239,'b16','201609','Voyage SNCF','2016-09-18',140.00,NULL),(240,'b16','201610','Taxi','2016-10-15',65.00,NULL),(241,'b16','201610','Voyage SNCF','2016-10-15',150.00,NULL),(242,'b16','201611','Taxi','2016-11-21',72.00,NULL),(243,'b16','201611','Achat de matériel de papèterie','2016-11-06',36.00,NULL),(244,'b16','201611','Achat de matériel de papèterie','2016-11-24',22.00,NULL),(245,'b16','201611','Location véhicule','2016-11-06',297.00,NULL),(246,'b16','201612','Repas avec praticien','2016-12-17',39.00,NULL),(247,'b16','201612','Repas avec praticien','2016-12-10',34.00,NULL),(248,'b16','201701','Voyage SNCF','2017-01-14',90.00,NULL),(249,'b16','201701','Frais vestimentaire/représentation','2017-01-15',298.00,NULL),(250,'b16','201701','Traiteur, alimentation, boisson','2017-01-26',76.00,NULL),(251,'b16','201701','Location salle conférence','2017-01-06',608.00,NULL),(252,'b16','201701','Voyage SNCF','2017-01-11',71.00,NULL),(253,'b16','201702','Frais vestimentaire/représentation','2017-02-07',409.00,NULL),(254,'b16','201702','Location équipement vidéo/sonore','2017-02-14',779.00,NULL),(255,'b16','201702','Repas avec praticien','2017-02-06',33.00,NULL),(256,'b16','201703','Achat de matériel de papèterie','2017-03-10',45.00,NULL),(257,'b16','201703','Achat de matériel de papèterie','2017-03-01',31.00,NULL),(258,'b16','201703','Location véhicule','2017-03-12',443.00,NULL),(259,'b16','201704','Repas avec praticien','2017-04-28',47.00,NULL),(260,'b16','201704','Location équipement vidéo/sonore','2017-04-15',100.00,NULL),(261,'b16','201704','Frais vestimentaire/représentation','2017-04-01',276.00,NULL),(262,'b16','201704','Frais vestimentaire/représentation','2017-04-27',223.00,NULL),(263,'b16','201704','Location salle conférence','2017-04-18',463.00,NULL),(264,'b16','201705','Repas avec praticien','2017-05-28',40.00,NULL),(265,'b16','201706','Frais vestimentaire/représentation','2017-06-04',441.00,NULL),(266,'b16','201706','Taxi','2017-06-12',58.00,NULL),(267,'b16','201707','Traiteur, alimentation, boisson','2017-07-20',59.00,NULL),(268,'b16','201707','Voyage SNCF','2017-07-28',83.00,NULL),(269,'b16','201707','Frais vestimentaire/représentation','2017-07-22',146.00,NULL),(270,'b16','201708','Voyage SNCF','2017-08-01',59.00,NULL),(271,'b16','201709','Traiteur, alimentation, boisson','2017-09-07',106.00,NULL),(272,'b16','201709','REFUSE-Location véhicule','2017-09-21',401.00,1),(273,'b16','201709','Frais vestimentaire/représentation','2017-09-05',384.00,NULL),(274,'b16','201709','Rémunération intervenant/spécialiste','2017-09-19',1121.00,NULL),(275,'b16','201710','REFUSE-Repas avec praticien','2017-10-09',35.00,1),(276,'b16','201710','Traiteur, alimentation, boisson','2017-10-09',215.00,NULL),(277,'b19','201609','Location salle conférence','2016-09-26',233.00,NULL),(278,'b19','201609','Location salle conférence','2016-09-01',246.00,NULL),(279,'b19','201610','Rémunération intervenant/spécialiste','2016-10-27',1064.00,NULL),(280,'b19','201610','Achat de matériel de papèterie','2016-10-17',10.00,NULL),(281,'b19','201611','Location salle conférence','2016-11-12',260.00,NULL),(282,'b19','201611','Location salle conférence','2016-11-23',436.00,NULL),(283,'b19','201611','Location véhicule','2016-11-26',393.00,NULL),(284,'b19','201612','Location véhicule','2016-12-03',201.00,NULL),(285,'b19','201612','Voyage SNCF','2016-12-05',138.00,NULL),(286,'b19','201701','Location salle conférence','2017-01-12',650.00,NULL),(287,'b19','201701','Achat de matériel de papèterie','2017-01-16',28.00,NULL),(288,'b19','201701','Frais vestimentaire/représentation','2017-01-13',102.00,NULL),(289,'b19','201701','Frais vestimentaire/représentation','2017-01-25',438.00,NULL),(290,'b19','201702','Location salle conférence','2017-02-27',144.00,NULL),(291,'b19','201703','Rémunération intervenant/spécialiste','2017-03-09',1189.00,NULL),(292,'b19','201703','Rémunération intervenant/spécialiste','2017-03-04',822.00,NULL),(293,'b19','201703','Location salle conférence','2017-03-10',283.00,NULL),(294,'b19','201703','Traiteur, alimentation, boisson','2017-03-12',425.00,NULL),(295,'b19','201704','Location salle conférence','2017-04-06',219.00,NULL),(296,'b19','201704','Rémunération intervenant/spécialiste','2017-04-12',986.00,NULL),(297,'b19','201704','Repas avec praticien','2017-04-02',34.00,NULL),(298,'b19','201704','Repas avec praticien','2017-04-25',44.00,NULL),(299,'b19','201705','Taxi','2017-05-04',80.00,NULL),(300,'b19','201705','Location véhicule','2017-05-06',380.00,NULL),(301,'b19','201705','Achat de matériel de papèterie','2017-05-20',34.00,NULL),(302,'b19','201705','Rémunération intervenant/spécialiste','2017-05-09',492.00,NULL),(303,'b19','201706','Location équipement vidéo/sonore','2017-06-27',393.00,NULL),(304,'b19','201706','Taxi','2017-06-25',20.00,NULL),(305,'b19','201706','Repas avec praticien','2017-06-21',40.00,NULL),(306,'b19','201706','Voyage SNCF','2017-06-13',82.00,NULL),(307,'b19','201706','Traiteur, alimentation, boisson','2017-06-20',313.00,NULL),(308,'b19','201706','Achat de matériel de papèterie','2017-06-06',46.00,NULL),(309,'b19','201707','Taxi','2017-07-13',35.00,NULL),(310,'b19','201707','Achat de matériel de papèterie','2017-07-27',40.00,NULL),(311,'b19','201707','Taxi','2017-07-08',65.00,NULL),(312,'b19','201707','Rémunération intervenant/spécialiste','2017-07-02',1148.00,NULL),(313,'b19','201707','Frais vestimentaire/représentation','2017-07-11',332.00,NULL),(314,'b19','201709','Traiteur, alimentation, boisson','2017-09-10',413.00,NULL),(315,'b19','201709','Voyage SNCF','2017-09-01',55.00,NULL),(316,'b19','201710','REFUSE-Location salle conférence','2017-10-08',303.00,1),(317,'b25','201609','Location véhicule','2016-09-12',273.00,NULL),(318,'b25','201609','Achat de matériel de papèterie','2016-09-01',22.00,NULL),(319,'b25','201609','Traiteur, alimentation, boisson','2016-09-22',353.00,NULL),(320,'b25','201609','Taxi','2016-09-01',54.00,NULL),(321,'b25','201609','Rémunération intervenant/spécialiste','2016-09-16',561.00,NULL),(322,'b25','201609','Location équipement vidéo/sonore','2016-09-26',146.00,NULL),(323,'b25','201610','Frais vestimentaire/représentation','2016-10-14',257.00,NULL),(324,'b25','201611','Location véhicule','2016-11-27',265.00,NULL),(325,'b25','201611','Location équipement vidéo/sonore','2016-11-12',334.00,NULL),(326,'b25','201612','Rémunération intervenant/spécialiste','2016-12-16',878.00,NULL),(327,'b25','201701','Location salle conférence','2017-01-03',227.00,NULL),(328,'b25','201702','Location équipement vidéo/sonore','2017-02-09',166.00,NULL),(329,'b25','201702','Location véhicule','2017-02-04',413.00,NULL),(330,'b25','201702','Frais vestimentaire/représentation','2017-02-24',199.00,NULL),(331,'b25','201702','Rémunération intervenant/spécialiste','2017-02-16',594.00,NULL),(332,'b25','201703','Rémunération intervenant/spécialiste','2017-03-27',684.00,NULL),(333,'b25','201703','Location salle conférence','2017-03-26',253.00,NULL),(334,'b25','201704','Traiteur, alimentation, boisson','2017-04-25',107.00,NULL),(335,'b25','201704','Traiteur, alimentation, boisson','2017-04-04',310.00,NULL),(336,'b25','201705','Taxi','2017-05-03',29.00,NULL),(337,'b25','201706','Repas avec praticien','2017-06-21',30.00,NULL),(338,'b25','201706','Voyage SNCF','2017-06-21',83.00,NULL),(339,'b25','201706','Achat de matériel de papèterie','2017-06-05',40.00,NULL),(340,'b25','201706','Taxi','2017-06-02',74.00,NULL),(341,'b25','201706','Traiteur, alimentation, boisson','2017-06-03',41.00,NULL),(342,'b25','201707','Traiteur, alimentation, boisson','2017-07-10',59.00,NULL),(343,'b25','201707','Location salle conférence','2017-07-24',362.00,NULL),(344,'b25','201707','Rémunération intervenant/spécialiste','2017-07-03',576.00,NULL),(345,'b25','201707','Location équipement vidéo/sonore','2017-07-20',764.00,NULL),(346,'b25','201708','Location salle conférence','2017-08-01',442.00,NULL),(347,'b25','201708','Voyage SNCF','2017-08-26',68.00,NULL),(348,'b25','201708','Location véhicule','2017-08-10',303.00,NULL),(349,'b25','201709','Location équipement vidéo/sonore','2017-09-23',629.00,NULL),(350,'b25','201709','Rémunération intervenant/spécialiste','2017-09-24',1075.00,NULL),(351,'b25','201709','Traiteur, alimentation, boisson','2017-09-22',282.00,NULL),(352,'b25','201709','Location équipement vidéo/sonore','2017-09-28',116.00,NULL),(353,'b25','201709','Traiteur, alimentation, boisson','2017-09-27',317.00,NULL),(354,'b25','201710','REFUSE-Location véhicule','2017-10-20',175.00,1),(355,'b25','201710','REFUSE-Voyage SNCF','2017-10-28',108.00,1),(356,'b25','201710','REFUSE-Achat de matériel de papèterie','2017-10-18',12.00,1),(357,'b25','201710','REFUSE-Taxi','2017-10-28',54.00,1),(358,'b25','201710','Location véhicule','2017-10-25',210.00,NULL),(359,'b28','201609','Frais vestimentaire/représentation','2016-09-12',118.00,NULL),(360,'b28','201609','Taxi','2016-09-24',21.00,NULL),(361,'b28','201610','Repas avec praticien','2016-10-28',42.00,NULL),(362,'b28','201610','Frais vestimentaire/représentation','2016-10-23',442.00,NULL),(363,'b28','201610','Location véhicule','2016-10-05',100.00,NULL),(364,'b28','201610','Taxi','2016-10-28',38.00,NULL),(365,'b28','201610','Frais vestimentaire/représentation','2016-10-12',444.00,NULL),(366,'b28','201610','Taxi','2016-10-19',44.00,NULL),(367,'b28','201611','Taxi','2016-11-09',77.00,NULL),(368,'b28','201611','Repas avec praticien','2016-11-15',47.00,NULL),(369,'b28','201611','Traiteur, alimentation, boisson','2016-11-11',284.00,NULL),(370,'b28','201611','Rémunération intervenant/spécialiste','2016-11-20',768.00,NULL),(371,'b28','201611','Location équipement vidéo/sonore','2016-11-23',305.00,NULL),(372,'b28','201611','Achat de matériel de papèterie','2016-11-25',21.00,NULL),(373,'b28','201612','Frais vestimentaire/représentation','2016-12-11',361.00,NULL),(374,'b28','201612','Repas avec praticien','2016-12-18',32.00,NULL),(375,'b28','201701','Traiteur, alimentation, boisson','2017-01-14',39.00,NULL),(376,'b28','201701','Taxi','2017-01-04',66.00,NULL),(377,'b28','201701','Traiteur, alimentation, boisson','2017-01-20',72.00,NULL),(378,'b28','201701','Traiteur, alimentation, boisson','2017-01-21',397.00,NULL),(379,'b28','201702','Location salle conférence','2017-02-26',360.00,NULL),(380,'b28','201702','Location salle conférence','2017-02-03',315.00,NULL),(381,'b28','201702','Frais vestimentaire/représentation','2017-02-12',288.00,NULL),(382,'b28','201702','Frais vestimentaire/représentation','2017-02-15',355.00,NULL),(383,'b28','201702','Taxi','2017-02-19',70.00,NULL),(384,'b28','201702','Voyage SNCF','2017-02-26',125.00,NULL),(385,'b28','201703','Rémunération intervenant/spécialiste','2017-03-26',1005.00,NULL),(386,'b28','201703','Traiteur, alimentation, boisson','2017-03-09',216.00,NULL),(387,'b28','201703','Repas avec praticien','2017-03-22',46.00,NULL),(388,'b28','201704','Repas avec praticien','2017-04-03',39.00,NULL),(389,'b28','201704','Rémunération intervenant/spécialiste','2017-04-12',322.00,NULL),(390,'b28','201704','Location salle conférence','2017-04-27',287.00,NULL),(391,'b28','201704','Repas avec praticien','2017-04-23',35.00,NULL),(392,'b28','201704','Location équipement vidéo/sonore','2017-04-14',204.00,NULL),(393,'b28','201704','Location équipement vidéo/sonore','2017-04-03',408.00,NULL),(394,'b28','201705','Taxi','2017-05-20',78.00,NULL),(395,'b28','201705','Rémunération intervenant/spécialiste','2017-05-06',1134.00,NULL),(396,'b28','201706','Repas avec praticien','2017-06-04',41.00,NULL),(397,'b28','201706','Location salle conférence','2017-06-09',425.00,NULL),(398,'b28','201706','Voyage SNCF','2017-06-15',121.00,NULL),(399,'b28','201707','Location véhicule','2017-07-19',177.00,NULL),(400,'b28','201707','Location véhicule','2017-07-18',392.00,NULL),(401,'b28','201707','Achat de matériel de papèterie','2017-07-08',47.00,NULL),(402,'b28','201707','Voyage SNCF','2017-07-11',83.00,NULL),(403,'b28','201708','Voyage SNCF','2017-08-13',126.00,NULL),(404,'b28','201708','Taxi','2017-08-22',50.00,NULL),(405,'b28','201708','Frais vestimentaire/représentation','2017-08-02',33.00,NULL),(406,'b28','201709','Frais vestimentaire/représentation','2017-09-04',272.00,NULL),(407,'b28','201709','Achat de matériel de papèterie','2017-09-04',36.00,NULL),(408,'b28','201710','Achat de matériel de papèterie','2017-10-06',48.00,NULL),(409,'b28','201710','Repas avec praticien','2017-10-09',39.00,NULL),(410,'b28','201710','Rémunération intervenant/spécialiste','2017-10-06',469.00,NULL),(411,'b28','201710','Location équipement vidéo/sonore','2017-10-14',178.00,NULL),(412,'b28','201710','Repas avec praticien','2017-10-07',33.00,NULL),(413,'b34','201609','Location véhicule','2016-09-23',384.00,NULL),(414,'b34','201609','Taxi','2016-09-22',33.00,NULL),(415,'b34','201609','Location salle conférence','2016-09-14',523.00,NULL),(416,'b34','201609','Location salle conférence','2016-09-17',199.00,NULL),(417,'b34','201609','Voyage SNCF','2016-09-18',116.00,NULL),(418,'b34','201610','Traiteur, alimentation, boisson','2016-10-26',105.00,NULL),(419,'b34','201610','Location salle conférence','2016-10-23',418.00,NULL),(420,'b34','201610','Traiteur, alimentation, boisson','2016-10-24',165.00,NULL),(421,'b34','201611','Location équipement vidéo/sonore','2016-11-07',398.00,NULL),(422,'b34','201611','Rémunération intervenant/spécialiste','2016-11-10',332.00,NULL),(423,'b34','201611','Repas avec praticien','2016-11-17',40.00,NULL),(424,'b34','201611','Location véhicule','2016-11-02',75.00,NULL),(425,'b34','201611','Voyage SNCF','2016-11-26',32.00,NULL),(426,'b34','201612','Taxi','2016-12-14',59.00,NULL),(427,'b34','201612','Voyage SNCF','2016-12-25',125.00,NULL),(428,'b34','201612','Frais vestimentaire/représentation','2016-12-07',139.00,NULL),(429,'b34','201701','Achat de matériel de papèterie','2017-01-02',13.00,NULL),(430,'b34','201701','Location véhicule','2017-01-22',100.00,NULL),(431,'b34','201703','Location équipement vidéo/sonore','2017-03-18',341.00,NULL),(432,'b34','201704','Rémunération intervenant/spécialiste','2017-04-28',584.00,NULL),(433,'b34','201704','Voyage SNCF','2017-04-05',61.00,NULL),(434,'b34','201704','Traiteur, alimentation, boisson','2017-04-02',269.00,NULL),(435,'b34','201704','Location salle conférence','2017-04-08',517.00,NULL),(436,'b34','201704','Taxi','2017-04-10',44.00,NULL),(437,'b34','201705','Taxi','2017-05-21',68.00,NULL),(438,'b34','201705','Frais vestimentaire/représentation','2017-05-24',143.00,NULL),(439,'b34','201705','Rémunération intervenant/spécialiste','2017-05-26',686.00,NULL),(440,'b34','201705','Taxi','2017-05-13',60.00,NULL),(441,'b34','201706','Taxi','2017-06-27',44.00,NULL),(442,'b34','201706','Location véhicule','2017-06-09',221.00,NULL),(443,'b34','201707','Location véhicule','2017-07-06',126.00,NULL),(444,'b34','201707','Location équipement vidéo/sonore','2017-07-07',748.00,NULL),(445,'b34','201707','Location salle conférence','2017-07-26',447.00,NULL),(446,'b34','201708','Location équipement vidéo/sonore','2017-08-18',695.00,NULL),(447,'b34','201708','Repas avec praticien','2017-08-01',37.00,NULL),(448,'b34','201708','Rémunération intervenant/spécialiste','2017-08-14',1105.00,NULL),(449,'b34','201708','Repas avec praticien','2017-08-05',45.00,NULL),(450,'b34','201709','Traiteur, alimentation, boisson','2017-09-13',67.00,NULL),(451,'b34','201709','Location salle conférence','2017-09-05',646.00,NULL),(452,'b34','201709','Location véhicule','2017-09-05',112.00,NULL),(453,'b34','201709','Frais vestimentaire/représentation','2017-09-27',37.00,NULL),(454,'b34','201709','Location salle conférence','2017-09-28',567.00,NULL),(455,'b34','201709','Location véhicule','2017-09-25',296.00,NULL),(456,'b34','201710','Location équipement vidéo/sonore','2017-10-15',177.00,NULL),(457,'b34','201710','Taxi','2017-10-20',66.00,NULL),(458,'b34','201710','Rémunération intervenant/spécialiste','2017-10-18',491.00,NULL),(459,'b4','201609','Location véhicule','2016-09-16',210.00,NULL),(460,'b4','201609','Repas avec praticien','2016-09-12',32.00,NULL),(461,'b4','201609','Taxi','2016-09-16',22.00,NULL),(462,'b4','201609','Frais vestimentaire/représentation','2016-09-15',268.00,NULL),(463,'b4','201610','Frais vestimentaire/représentation','2016-10-27',222.00,NULL),(464,'b4','201610','Location véhicule','2016-10-15',381.00,NULL),(465,'b4','201610','Repas avec praticien','2016-10-03',47.00,NULL),(466,'b4','201610','Location véhicule','2016-10-21',45.00,NULL),(467,'b4','201610','Traiteur, alimentation, boisson','2016-10-19',444.00,NULL),(468,'b4','201610','Location véhicule','2016-10-03',428.00,NULL),(469,'b4','201611','Frais vestimentaire/représentation','2016-11-21',33.00,NULL),(470,'b4','201612','Voyage SNCF','2016-12-28',67.00,NULL),(471,'b4','201701','Frais vestimentaire/représentation','2017-01-26',295.00,NULL),(472,'b4','201701','Rémunération intervenant/spécialiste','2017-01-07',275.00,NULL),(473,'b4','201701','Frais vestimentaire/représentation','2017-01-22',245.00,NULL),(474,'b4','201702','Achat de matériel de papèterie','2017-02-03',27.00,NULL),(475,'b4','201702','Voyage SNCF','2017-02-25',65.00,NULL),(476,'b4','201703','Location salle conférence','2017-03-23',241.00,NULL),(477,'b4','201704','Rémunération intervenant/spécialiste','2017-04-20',547.00,NULL),(478,'b4','201704','Achat de matériel de papèterie','2017-04-11',24.00,NULL),(479,'b4','201704','Voyage SNCF','2017-04-09',124.00,NULL),(480,'b4','201705','Location équipement vidéo/sonore','2017-05-20',487.00,NULL),(481,'b4','201705','Location salle conférence','2017-05-26',323.00,NULL),(482,'b4','201705','Repas avec praticien','2017-05-27',34.00,NULL),(483,'b4','201705','Achat de matériel de papèterie','2017-05-09',33.00,NULL),(484,'b4','201706','Rémunération intervenant/spécialiste','2017-06-20',738.00,NULL),(485,'b4','201707','Location salle conférence','2017-07-04',383.00,NULL),(486,'b4','201707','Voyage SNCF','2017-07-18',144.00,NULL),(487,'b4','201707','Location véhicule','2017-07-05',397.00,NULL),(488,'b4','201707','Location salle conférence','2017-07-10',390.00,NULL),(489,'b4','201707','Voyage SNCF','2017-07-12',42.00,NULL),(490,'b4','201707','Rémunération intervenant/spécialiste','2017-07-05',1169.00,NULL),(491,'b4','201708','Location salle conférence','2017-08-21',136.00,NULL),(492,'b4','201708','Achat de matériel de papèterie','2017-08-19',15.00,NULL),(493,'b4','201709','Frais vestimentaire/représentation','2017-09-09',178.00,NULL),(494,'b4','201709','Frais vestimentaire/représentation','2017-09-14',427.00,NULL),(495,'b4','201710','Repas avec praticien','2017-10-05',40.00,NULL),(496,'b50','201609','Rémunération intervenant/spécialiste','2016-09-17',716.00,NULL),(497,'b50','201609','Taxi','2016-09-02',25.00,NULL),(498,'b50','201609','Frais vestimentaire/représentation','2016-09-12',202.00,NULL),(499,'b50','201609','Location équipement vidéo/sonore','2016-09-18',845.00,NULL),(500,'b50','201609','Achat de matériel de papèterie','2016-09-26',43.00,NULL),(501,'b50','201610','Repas avec praticien','2016-10-13',43.00,NULL),(502,'b50','201610','Frais vestimentaire/représentation','2016-10-13',386.00,NULL),(503,'b50','201610','Location équipement vidéo/sonore','2016-10-11',314.00,NULL),(504,'b50','201610','Location équipement vidéo/sonore','2016-10-01',639.00,NULL),(505,'b50','201610','Repas avec praticien','2016-10-11',45.00,NULL),(506,'b50','201611','Repas avec praticien','2016-11-16',49.00,NULL),(507,'b50','201611','Voyage SNCF','2016-11-12',99.00,NULL),(508,'b50','201611','Location salle conférence','2016-11-22',384.00,NULL),(509,'b50','201611','Location véhicule','2016-11-07',307.00,NULL),(510,'b50','201611','Repas avec praticien','2016-11-17',35.00,NULL),(511,'b50','201611','Traiteur, alimentation, boisson','2016-11-08',190.00,NULL),(512,'b50','201612','Frais vestimentaire/représentation','2016-12-28',136.00,NULL),(513,'b50','201612','Rémunération intervenant/spécialiste','2016-12-18',301.00,NULL),(514,'b50','201612','Frais vestimentaire/représentation','2016-12-10',377.00,NULL),(515,'b50','201612','Frais vestimentaire/représentation','2016-12-14',172.00,NULL),(516,'b50','201612','Traiteur, alimentation, boisson','2016-12-20',128.00,NULL),(517,'b50','201612','Location salle conférence','2016-12-26',216.00,NULL),(518,'b50','201701','Rémunération intervenant/spécialiste','2017-01-28',1157.00,NULL),(519,'b50','201702','Taxi','2017-02-25',35.00,NULL),(520,'b50','201702','Repas avec praticien','2017-02-26',32.00,NULL),(521,'b50','201703','Taxi','2017-03-08',26.00,NULL),(522,'b50','201703','Traiteur, alimentation, boisson','2017-03-13',395.00,NULL),(523,'b50','201703','Taxi','2017-03-16',67.00,NULL),(524,'b50','201703','Location équipement vidéo/sonore','2017-03-21',111.00,NULL),(525,'b50','201704','Location salle conférence','2017-04-11',424.00,NULL),(526,'b50','201704','Location véhicule','2017-04-07',54.00,NULL),(527,'b50','201704','Achat de matériel de papèterie','2017-04-25',18.00,NULL),(528,'b50','201705','Repas avec praticien','2017-05-18',50.00,NULL),(529,'b50','201705','Traiteur, alimentation, boisson','2017-05-07',263.00,NULL),(530,'b50','201705','Voyage SNCF','2017-05-18',100.00,NULL),(531,'b50','201705','Traiteur, alimentation, boisson','2017-05-28',130.00,NULL),(532,'b50','201705','Rémunération intervenant/spécialiste','2017-05-02',388.00,NULL),(533,'b50','201706','Location équipement vidéo/sonore','2017-06-19',466.00,NULL),(534,'b50','201706','Repas avec praticien','2017-06-20',37.00,NULL),(535,'b50','201706','Location salle conférence','2017-06-18',462.00,NULL),(536,'b50','201706','Taxi','2017-06-27',61.00,NULL),(537,'b50','201707','Repas avec praticien','2017-07-26',32.00,NULL),(538,'b50','201707','Location salle conférence','2017-07-23',188.00,NULL),(539,'b50','201707','Location équipement vidéo/sonore','2017-07-16',574.00,NULL),(540,'b50','201707','Location équipement vidéo/sonore','2017-07-16',698.00,NULL),(541,'b50','201707','Traiteur, alimentation, boisson','2017-07-23',323.00,NULL),(542,'b50','201708','Voyage SNCF','2017-08-13',134.00,NULL),(543,'b50','201708','Repas avec praticien','2017-08-07',44.00,NULL),(544,'b50','201709','Voyage SNCF','2017-09-17',137.00,NULL),(545,'b50','201709','Location véhicule','2017-09-03',286.00,NULL),(546,'b50','201710','Traiteur, alimentation, boisson','2017-10-27',331.00,NULL),(547,'b50','201710','Repas avec praticien','2017-10-12',37.00,NULL),(548,'b50','201710','Achat de matériel de papèterie','2017-10-19',33.00,0),(549,'b50','201710','Location véhicule','2017-10-25',422.00,NULL),(550,'b59','201609','Voyage SNCF','2016-09-10',31.00,NULL),(551,'b59','201609','Taxi','2016-09-17',55.00,NULL),(552,'b59','201609','Location équipement vidéo/sonore','2016-09-18',820.00,NULL),(553,'b59','201610','Traiteur, alimentation, boisson','2016-10-21',56.00,NULL),(554,'b59','201610','Rémunération intervenant/spécialiste','2016-10-16',752.00,NULL),(555,'b59','201610','Voyage SNCF','2016-10-01',47.00,NULL),(556,'b59','201611','Repas avec praticien','2016-11-24',50.00,NULL),(557,'b59','201611','Repas avec praticien','2016-11-26',48.00,NULL),(558,'b59','201611','Location salle conférence','2016-11-07',360.00,NULL),(559,'b59','201611','Taxi','2016-11-04',51.00,NULL),(560,'b59','201611','Traiteur, alimentation, boisson','2016-11-15',235.00,NULL),(561,'b59','201611','Voyage SNCF','2016-11-02',38.00,NULL),(562,'b59','201612','Traiteur, alimentation, boisson','2016-12-18',146.00,NULL),(563,'b59','201612','Achat de matériel de papèterie','2016-12-09',42.00,NULL),(564,'b59','201701','Location véhicule','2017-01-22',87.00,NULL),(565,'b59','201701','Repas avec praticien','2017-01-03',48.00,NULL),(566,'b59','201701','Rémunération intervenant/spécialiste','2017-01-01',1088.00,NULL),(567,'b59','201702','Location équipement vidéo/sonore','2017-02-18',517.00,NULL),(568,'b59','201702','Achat de matériel de papèterie','2017-02-09',10.00,NULL),(569,'b59','201702','Voyage SNCF','2017-02-01',107.00,NULL),(570,'b59','201702','Location véhicule','2017-02-18',64.00,NULL),(571,'b59','201703','Location salle conférence','2017-03-02',191.00,NULL),(572,'b59','201703','Location salle conférence','2017-03-27',268.00,NULL),(573,'b59','201703','Traiteur, alimentation, boisson','2017-03-12',283.00,NULL),(574,'b59','201703','Location véhicule','2017-03-05',84.00,NULL),(575,'b59','201703','Location équipement vidéo/sonore','2017-03-17',596.00,NULL),(576,'b59','201704','Frais vestimentaire/représentation','2017-04-07',55.00,NULL),(577,'b59','201705','Achat de matériel de papèterie','2017-05-27',22.00,NULL),(578,'b59','201705','Repas avec praticien','2017-05-03',47.00,NULL),(579,'b59','201705','Repas avec praticien','2017-05-06',43.00,NULL),(580,'b59','201705','Traiteur, alimentation, boisson','2017-05-13',183.00,NULL),(581,'b59','201706','Rémunération intervenant/spécialiste','2017-06-25',530.00,NULL),(582,'b59','201706','Traiteur, alimentation, boisson','2017-06-19',188.00,NULL),(583,'b59','201706','Frais vestimentaire/représentation','2017-06-15',197.00,NULL),(584,'b59','201706','Location équipement vidéo/sonore','2017-06-06',175.00,NULL),(585,'b59','201707','Voyage SNCF','2017-07-02',54.00,NULL),(586,'b59','201707','Rémunération intervenant/spécialiste','2017-07-20',421.00,NULL),(587,'b59','201708','Frais vestimentaire/représentation','2017-08-15',311.00,NULL),(588,'b59','201708','Voyage SNCF','2017-08-07',145.00,NULL),(589,'b59','201708','Achat de matériel de papèterie','2017-08-03',42.00,NULL),(590,'b59','201708','Location équipement vidéo/sonore','2017-08-01',790.00,NULL),(591,'b59','201709','Location équipement vidéo/sonore','2017-09-17',473.00,NULL),(592,'b59','201709','Rémunération intervenant/spécialiste','2017-09-10',772.00,NULL),(593,'b59','201709','Traiteur, alimentation, boisson','2017-09-24',420.00,NULL),(594,'b59','201709','Voyage SNCF','2017-09-05',105.00,NULL),(595,'b59','201709','Repas avec praticien','2017-09-23',35.00,NULL),(596,'b59','201709','Rémunération intervenant/spécialiste','2017-09-23',1174.00,NULL),(597,'b59','201710','REFUSE-Taxi','2017-10-13',80.00,1),(598,'b59','201710','Location salle conférence','2017-10-27',588.00,NULL),(599,'b59','201710','REFUSE-Taxi','2017-10-14',53.00,1),(600,'b59','201710','Achat de matériel de papèterie','2017-10-06',35.00,NULL),(601,'b59','201710','Taxi','2017-10-16',49.00,NULL),(602,'c14','201609','Location véhicule','2016-09-15',140.00,NULL),(603,'c14','201609','Location véhicule','2016-09-11',260.00,NULL),(604,'c14','201609','Voyage SNCF','2016-09-02',99.00,NULL),(605,'c14','201609','Achat de matériel de papèterie','2016-09-05',47.00,NULL),(606,'c14','201609','Voyage SNCF','2016-09-22',70.00,NULL),(607,'c14','201609','Taxi','2016-09-12',66.00,NULL),(608,'c14','201610','Location véhicule','2016-10-04',426.00,NULL),(609,'c14','201610','Taxi','2016-10-23',61.00,NULL),(610,'c14','201610','Location véhicule','2016-10-21',102.00,NULL),(611,'c14','201610','Voyage SNCF','2016-10-14',94.00,NULL),(612,'c14','201611','Location véhicule','2016-11-16',181.00,NULL),(613,'c14','201611','Voyage SNCF','2016-11-08',36.00,NULL),(614,'c14','201611','Location salle conférence','2016-11-22',596.00,NULL),(615,'c14','201611','Voyage SNCF','2016-11-26',80.00,NULL),(616,'c14','201612','Repas avec praticien','2016-12-05',43.00,NULL),(617,'c14','201612','Taxi','2016-12-15',31.00,NULL),(618,'c14','201701','Location véhicule','2017-01-01',331.00,NULL),(619,'c14','201701','Taxi','2017-01-01',78.00,NULL),(620,'c14','201701','Traiteur, alimentation, boisson','2017-01-20',314.00,NULL),(621,'c14','201701','Frais vestimentaire/représentation','2017-01-22',145.00,NULL),(622,'c14','201701','Location équipement vidéo/sonore','2017-01-14',730.00,NULL),(623,'c14','201702','Location salle conférence','2017-02-05',399.00,NULL),(624,'c14','201702','Traiteur, alimentation, boisson','2017-02-11',186.00,NULL),(625,'c14','201702','Location équipement vidéo/sonore','2017-02-24',127.00,NULL),(626,'c14','201702','Taxi','2017-02-13',43.00,NULL),(627,'c14','201703','Rémunération intervenant/spécialiste','2017-03-21',893.00,NULL),(628,'c14','201703','Repas avec praticien','2017-03-15',30.00,NULL),(629,'c14','201703','Frais vestimentaire/représentation','2017-03-21',445.00,NULL),(630,'c14','201704','Frais vestimentaire/représentation','2017-04-15',127.00,NULL),(631,'c14','201704','Rémunération intervenant/spécialiste','2017-04-27',494.00,NULL),(632,'c14','201704','Rémunération intervenant/spécialiste','2017-04-23',411.00,NULL),(633,'c14','201704','Rémunération intervenant/spécialiste','2017-04-16',1069.00,NULL),(634,'c14','201704','Repas avec praticien','2017-04-09',41.00,NULL),(635,'c14','201705','Repas avec praticien','2017-05-21',32.00,NULL),(636,'c14','201705','Location véhicule','2017-05-15',69.00,NULL),(637,'c14','201705','Location salle conférence','2017-05-10',124.00,NULL),(638,'c14','201705','Achat de matériel de papèterie','2017-05-18',37.00,NULL),(639,'c14','201706','Voyage SNCF','2017-06-05',41.00,NULL),(640,'c14','201706','Location véhicule','2017-06-20',416.00,NULL),(641,'c14','201706','Location équipement vidéo/sonore','2017-06-10',241.00,NULL),(642,'c14','201706','Achat de matériel de papèterie','2017-06-04',19.00,NULL),(643,'c14','201706','Taxi','2017-06-19',44.00,NULL),(644,'c14','201706','Voyage SNCF','2017-06-05',90.00,NULL),(645,'c14','201707','Location équipement vidéo/sonore','2017-07-14',629.00,NULL),(646,'c14','201707','Frais vestimentaire/représentation','2017-07-23',329.00,NULL),(647,'c14','201707','Frais vestimentaire/représentation','2017-07-19',334.00,NULL),(648,'c14','201707','Taxi','2017-07-12',64.00,NULL),(649,'c14','201707','Voyage SNCF','2017-07-10',144.00,NULL),(650,'c14','201708','Voyage SNCF','2017-08-25',85.00,NULL),(651,'c14','201708','Location équipement vidéo/sonore','2017-08-21',537.00,NULL),(652,'c14','201708','Frais vestimentaire/représentation','2017-08-02',218.00,NULL),(653,'c14','201708','Taxi','2017-08-25',59.00,NULL),(654,'c14','201708','Location équipement vidéo/sonore','2017-08-17',747.00,NULL),(655,'c14','201709','Repas avec praticien','2017-09-24',33.00,NULL),(656,'c14','201709','Location salle conférence','2017-09-04',541.00,NULL),(657,'c14','201709','Frais vestimentaire/représentation','2017-09-09',194.00,NULL),(658,'c14','201709','Achat de matériel de papèterie','2017-09-02',16.00,NULL),(659,'c14','201709','Location salle conférence','2017-09-26',251.00,NULL),(660,'c14','201710','Voyage SNCF','2017-10-11',135.00,NULL),(661,'c3','201609','Traiteur, alimentation, boisson','2016-09-03',183.00,NULL),(662,'c3','201609','Taxi','2016-09-11',78.00,NULL),(663,'c3','201609','Achat de matériel de papèterie','2016-09-17',25.00,NULL),(664,'c3','201609','Location équipement vidéo/sonore','2016-09-16',498.00,NULL),(665,'c3','201610','Taxi','2016-10-11',40.00,NULL),(666,'c3','201610','Frais vestimentaire/représentation','2016-10-28',150.00,NULL),(667,'c3','201610','Frais vestimentaire/représentation','2016-10-20',276.00,NULL),(668,'c3','201610','Location salle conférence','2016-10-10',601.00,NULL),(669,'c3','201610','Location véhicule','2016-10-09',92.00,NULL),(670,'c3','201611','Voyage SNCF','2016-11-20',46.00,NULL),(671,'c3','201611','Voyage SNCF','2016-11-24',37.00,NULL),(672,'c3','201611','Taxi','2016-11-11',76.00,NULL),(673,'c3','201612','Voyage SNCF','2016-12-22',66.00,NULL),(674,'c3','201612','Location équipement vidéo/sonore','2016-12-25',574.00,NULL),(675,'c3','201701','Location salle conférence','2017-01-11',193.00,NULL),(676,'c3','201702','Rémunération intervenant/spécialiste','2017-02-28',393.00,NULL),(677,'c3','201702','Location salle conférence','2017-02-08',375.00,NULL),(678,'c3','201702','Voyage SNCF','2017-02-10',95.00,NULL),(679,'c3','201702','Traiteur, alimentation, boisson','2017-02-01',44.00,NULL),(680,'c3','201702','Achat de matériel de papèterie','2017-02-12',37.00,NULL),(681,'c3','201703','Voyage SNCF','2017-03-22',106.00,NULL),(682,'c3','201704','Taxi','2017-04-25',24.00,NULL),(683,'c3','201704','Achat de matériel de papèterie','2017-04-03',45.00,NULL),(684,'c3','201704','Frais vestimentaire/représentation','2017-04-11',147.00,NULL),(685,'c3','201704','Taxi','2017-04-08',63.00,NULL),(686,'c3','201705','Location salle conférence','2017-05-14',646.00,NULL),(687,'c3','201705','Rémunération intervenant/spécialiste','2017-05-07',592.00,NULL),(688,'c3','201705','Voyage SNCF','2017-05-02',139.00,NULL),(689,'c3','201706','Achat de matériel de papèterie','2017-06-28',33.00,NULL),(690,'c3','201706','Location salle conférence','2017-06-14',381.00,NULL),(691,'c3','201706','Repas avec praticien','2017-06-10',50.00,NULL),(692,'c3','201706','Frais vestimentaire/représentation','2017-06-27',379.00,NULL),(693,'c3','201706','Location véhicule','2017-06-06',395.00,NULL),(694,'c3','201706','Location équipement vidéo/sonore','2017-06-16',724.00,NULL),(695,'c3','201707','Rémunération intervenant/spécialiste','2017-07-24',659.00,NULL),(696,'c3','201707','Taxi','2017-07-11',25.00,NULL),(697,'c3','201707','Achat de matériel de papèterie','2017-07-07',21.00,NULL),(698,'c3','201707','Frais vestimentaire/représentation','2017-07-24',99.00,NULL),(699,'c3','201707','Rémunération intervenant/spécialiste','2017-07-11',958.00,NULL),(700,'c3','201708','Voyage SNCF','2017-08-17',40.00,NULL),(701,'c3','201708','Location équipement vidéo/sonore','2017-08-19',317.00,NULL),(702,'c3','201708','Achat de matériel de papèterie','2017-08-05',38.00,NULL),(703,'c3','201709','Location véhicule','2017-09-19',417.00,NULL),(704,'c3','201709','Location véhicule','2017-09-01',49.00,NULL),(705,'c3','201709','Frais vestimentaire/représentation','2017-09-19',221.00,NULL),(706,'c3','201709','Location véhicule','2017-09-05',270.00,NULL),(707,'c3','201709','Frais vestimentaire/représentation','2017-09-19',51.00,NULL),(708,'c3','201710','Location véhicule','2017-10-22',229.00,NULL),(709,'c3','201710','Taxi','2017-10-18',55.00,NULL),(710,'c3','201711','Traiteur, alimentation, boisson','2017-11-13',54.00,NULL),(711,'c3','201711','REFUSE-Frais vestimentaire/représentation','2017-11-19',391.00,1),(712,'c3','201711','REFUSE-Location salle conférence','2017-11-11',511.00,1),(713,'c3','201711','Achat de matériel de papèterie','2017-11-27',30.00,NULL),(714,'c3','201711','REFUSE-Location équipement vidéo/sonore','2017-11-06',801.00,1),(715,'c3','201711','REFUSE-Traiteur, alimentation, boisson','2017-11-24',180.00,1),(716,'c54','201609','Location salle conférence','2016-09-06',539.00,NULL),(717,'c54','201609','Rémunération intervenant/spécialiste','2016-09-09',651.00,NULL),(718,'c54','201609','Location véhicule','2016-09-06',25.00,NULL),(719,'c54','201610','Achat de matériel de papèterie','2016-10-25',40.00,NULL),(720,'c54','201610','Location véhicule','2016-10-26',421.00,NULL),(721,'c54','201610','Frais vestimentaire/représentation','2016-10-16',424.00,NULL),(722,'c54','201610','Repas avec praticien','2016-10-27',44.00,NULL),(723,'c54','201611','Frais vestimentaire/représentation','2016-11-17',266.00,NULL),(724,'c54','201611','Taxi','2016-11-20',36.00,NULL),(725,'c54','201611','Achat de matériel de papèterie','2016-11-25',25.00,NULL),(726,'c54','201611','Rémunération intervenant/spécialiste','2016-11-22',540.00,NULL),(727,'c54','201611','Taxi','2016-11-09',55.00,NULL),(728,'c54','201611','Taxi','2016-11-01',44.00,NULL),(729,'c54','201612','Repas avec praticien','2016-12-04',45.00,NULL),(730,'c54','201612','Achat de matériel de papèterie','2016-12-09',16.00,NULL),(731,'c54','201612','Location salle conférence','2016-12-24',592.00,NULL),(732,'c54','201612','Voyage SNCF','2016-12-11',34.00,NULL),(733,'c54','201612','Frais vestimentaire/représentation','2016-12-17',153.00,NULL),(734,'c54','201701','Location équipement vidéo/sonore','2017-01-04',257.00,NULL),(735,'c54','201701','Location équipement vidéo/sonore','2017-01-05',327.00,NULL),(736,'c54','201702','Rémunération intervenant/spécialiste','2017-02-19',963.00,NULL),(737,'c54','201702','Achat de matériel de papèterie','2017-02-28',16.00,NULL),(738,'c54','201703','Taxi','2017-03-12',76.00,NULL),(739,'c54','201703','Traiteur, alimentation, boisson','2017-03-06',335.00,NULL),(740,'c54','201703','Location équipement vidéo/sonore','2017-03-06',500.00,NULL),(741,'c54','201703','Rémunération intervenant/spécialiste','2017-03-24',726.00,NULL),(742,'c54','201703','Location équipement vidéo/sonore','2017-03-12',610.00,NULL),(743,'c54','201704','Frais vestimentaire/représentation','2017-04-23',370.00,NULL),(744,'c54','201704','Repas avec praticien','2017-04-10',49.00,NULL),(745,'c54','201704','Traiteur, alimentation, boisson','2017-04-07',176.00,NULL),(746,'c54','201704','Frais vestimentaire/représentation','2017-04-27',66.00,NULL),(747,'c54','201705','Frais vestimentaire/représentation','2017-05-23',85.00,NULL),(748,'c54','201706','Frais vestimentaire/représentation','2017-06-11',61.00,NULL),(749,'c54','201706','Rémunération intervenant/spécialiste','2017-06-22',416.00,NULL),(750,'c54','201706','Rémunération intervenant/spécialiste','2017-06-12',605.00,NULL),(751,'c54','201706','Voyage SNCF','2017-06-24',37.00,NULL),(752,'c54','201706','Location véhicule','2017-06-17',123.00,NULL),(753,'c54','201707','Taxi','2017-07-21',31.00,NULL),(754,'c54','201707','Achat de matériel de papèterie','2017-07-08',40.00,NULL),(755,'c54','201707','Location salle conférence','2017-07-03',437.00,NULL),(756,'c54','201707','Location véhicule','2017-07-08',79.00,NULL),(757,'c54','201707','Voyage SNCF','2017-07-24',110.00,NULL),(758,'c54','201708','Location équipement vidéo/sonore','2017-08-01',213.00,NULL),(759,'c54','201708','Achat de matériel de papèterie','2017-08-04',10.00,NULL),(760,'c54','201708','Rémunération intervenant/spécialiste','2017-08-28',1121.00,NULL),(761,'c54','201708','Frais vestimentaire/représentation','2017-08-09',93.00,NULL),(762,'c54','201708','Frais vestimentaire/représentation','2017-08-16',210.00,NULL),(763,'c54','201709','Voyage SNCF','2017-09-09',144.00,NULL),(764,'c54','201709','Rémunération intervenant/spécialiste','2017-09-10',266.00,NULL),(765,'c54','201709','Frais vestimentaire/représentation','2017-09-27',95.00,NULL),(766,'c54','201709','Repas avec praticien','2017-09-21',41.00,NULL),(767,'c54','201709','Repas avec praticien','2017-09-17',40.00,NULL),(768,'c54','201710','Location véhicule','2017-10-25',338.00,NULL),(769,'c54','201710','Voyage SNCF','2017-10-13',130.00,NULL),(770,'c54','201710','Location équipement vidéo/sonore','2017-10-05',203.00,NULL),(771,'c54','201710','Location véhicule','2017-10-11',32.00,NULL),(772,'d13','201609','Rémunération intervenant/spécialiste','2016-09-21',323.00,NULL),(773,'d13','201609','Traiteur, alimentation, boisson','2016-09-22',98.00,NULL),(774,'d13','201609','Achat de matériel de papèterie','2016-09-01',27.00,NULL),(775,'d13','201610','Repas avec praticien','2016-10-12',50.00,NULL),(776,'d13','201610','Location véhicule','2016-10-22',243.00,NULL),(777,'d13','201610','Achat de matériel de papèterie','2016-10-26',26.00,NULL),(778,'d13','201611','Achat de matériel de papèterie','2016-11-25',41.00,NULL),(779,'d13','201611','Frais vestimentaire/représentation','2016-11-19',178.00,NULL),(780,'d13','201611','Frais vestimentaire/représentation','2016-11-08',68.00,NULL),(781,'d13','201611','Location équipement vidéo/sonore','2016-11-02',535.00,NULL),(782,'d13','201611','Frais vestimentaire/représentation','2016-11-16',111.00,NULL),(783,'d13','201612','Frais vestimentaire/représentation','2016-12-07',352.00,NULL),(784,'d13','201612','Location véhicule','2016-12-19',177.00,NULL),(785,'d13','201612','Voyage SNCF','2016-12-24',49.00,NULL),(786,'d13','201612','Traiteur, alimentation, boisson','2016-12-05',279.00,NULL),(787,'d13','201612','Location salle conférence','2016-12-14',542.00,NULL),(788,'d13','201701','Location équipement vidéo/sonore','2017-01-12',834.00,NULL),(789,'d13','201701','Rémunération intervenant/spécialiste','2017-01-11',1152.00,NULL),(790,'d13','201701','Rémunération intervenant/spécialiste','2017-01-08',685.00,NULL),(791,'d13','201701','Traiteur, alimentation, boisson','2017-01-21',71.00,NULL),(792,'d13','201701','Location salle conférence','2017-01-12',526.00,NULL),(793,'d13','201702','Voyage SNCF','2017-02-22',46.00,NULL),(794,'d13','201702','Voyage SNCF','2017-02-09',112.00,NULL),(795,'d13','201702','Frais vestimentaire/représentation','2017-02-09',94.00,NULL),(796,'d13','201703','Achat de matériel de papèterie','2017-03-10',23.00,NULL),(797,'d13','201703','Location véhicule','2017-03-10',48.00,NULL),(798,'d13','201704','Frais vestimentaire/représentation','2017-04-01',418.00,NULL),(799,'d13','201704','Achat de matériel de papèterie','2017-04-13',16.00,NULL),(800,'d13','201705','Frais vestimentaire/représentation','2017-05-02',46.00,NULL),(801,'d13','201705','Repas avec praticien','2017-05-06',32.00,NULL),(802,'d13','201707','Rémunération intervenant/spécialiste','2017-07-01',488.00,NULL),(803,'d13','201707','Traiteur, alimentation, boisson','2017-07-08',361.00,NULL),(804,'d13','201707','Achat de matériel de papèterie','2017-07-10',15.00,NULL),(805,'d13','201708','Repas avec praticien','2017-08-06',41.00,NULL),(806,'d13','201708','Achat de matériel de papèterie','2017-08-09',34.00,NULL),(807,'d13','201709','Voyage SNCF','2017-09-19',128.00,NULL),(808,'d13','201710','Location salle conférence','2017-10-06',220.00,NULL),(809,'d13','201710','Location salle conférence','2017-10-27',215.00,NULL),(810,'d13','201710','Repas avec praticien','2017-10-08',47.00,NULL),(811,'d51','201609','Frais vestimentaire/représentation','2016-09-16',311.00,NULL),(812,'d51','201610','Traiteur, alimentation, boisson','2016-10-10',314.00,NULL),(813,'d51','201610','Repas avec praticien','2016-10-03',48.00,NULL),(814,'d51','201610','Voyage SNCF','2016-10-17',64.00,NULL),(815,'d51','201610','Traiteur, alimentation, boisson','2016-10-22',182.00,NULL),(816,'d51','201610','Rémunération intervenant/spécialiste','2016-10-23',635.00,NULL),(817,'d51','201611','Location véhicule','2016-11-04',144.00,NULL),(818,'d51','201611','Frais vestimentaire/représentation','2016-11-12',103.00,NULL),(819,'d51','201611','Achat de matériel de papèterie','2016-11-06',13.00,NULL),(820,'d51','201612','Location véhicule','2016-12-22',186.00,NULL),(821,'d51','201612','Location équipement vidéo/sonore','2016-12-14',154.00,NULL),(822,'d51','201701','Achat de matériel de papèterie','2017-01-28',48.00,NULL),(823,'d51','201703','Achat de matériel de papèterie','2017-03-16',33.00,NULL),(824,'d51','201704','Voyage SNCF','2017-04-22',38.00,NULL),(825,'d51','201704','Achat de matériel de papèterie','2017-04-14',39.00,NULL),(826,'d51','201705','Frais vestimentaire/représentation','2017-05-21',274.00,NULL),(827,'d51','201705','Location salle conférence','2017-05-14',329.00,NULL),(828,'d51','201705','Taxi','2017-05-19',36.00,NULL),(829,'d51','201706','Taxi','2017-06-18',79.00,NULL),(830,'d51','201706','Voyage SNCF','2017-06-12',54.00,NULL),(831,'d51','201706','Achat de matériel de papèterie','2017-06-18',45.00,NULL),(832,'d51','201706','Repas avec praticien','2017-06-28',36.00,NULL),(833,'d51','201706','Taxi','2017-06-19',77.00,NULL),(834,'d51','201707','Voyage SNCF','2017-07-10',83.00,NULL),(835,'d51','201707','Location véhicule','2017-07-16',95.00,NULL),(836,'d51','201707','Frais vestimentaire/représentation','2017-07-17',266.00,NULL),(837,'d51','201707','Location équipement vidéo/sonore','2017-07-26',522.00,NULL),(838,'d51','201708','Repas avec praticien','2017-08-18',46.00,NULL),(839,'d51','201708','Rémunération intervenant/spécialiste','2017-08-19',1089.00,NULL),(840,'d51','201708','Location véhicule','2017-08-06',226.00,NULL),(841,'d51','201708','Location véhicule','2017-08-13',229.00,NULL),(842,'d51','201709','Location salle conférence','2017-09-11',422.00,NULL),(843,'d51','201709','Rémunération intervenant/spécialiste','2017-09-26',1163.00,NULL),(844,'d51','201709','Rémunération intervenant/spécialiste','2017-09-16',528.00,NULL),(845,'d51','201710','Achat de matériel de papèterie','2017-10-24',21.00,NULL),(846,'d51','201710','Traiteur, alimentation, boisson','2017-10-04',69.00,NULL),(847,'d51','201710','Location véhicule','2017-10-13',427.00,NULL),(848,'d51','201710','Location équipement vidéo/sonore','2017-10-11',285.00,NULL),(849,'d51','201710','Voyage SNCF','2017-10-02',111.00,NULL),(850,'e22','201609','Achat de matériel de papèterie','2016-09-26',44.00,NULL),(851,'e22','201610','Traiteur, alimentation, boisson','2016-10-26',333.00,NULL),(852,'e22','201610','Repas avec praticien','2016-10-09',48.00,NULL),(853,'e22','201610','Traiteur, alimentation, boisson','2016-10-06',65.00,NULL),(854,'e22','201610','Repas avec praticien','2016-10-10',33.00,NULL),(855,'e22','201610','Location salle conférence','2016-10-03',579.00,NULL),(856,'e22','201610','Voyage SNCF','2016-10-09',148.00,NULL),(857,'e22','201611','Location véhicule','2016-11-09',291.00,NULL),(858,'e22','201611','Achat de matériel de papèterie','2016-11-21',11.00,NULL),(859,'e22','201611','Achat de matériel de papèterie','2016-11-11',24.00,NULL),(860,'e22','201612','Taxi','2016-12-22',72.00,NULL),(861,'e22','201612','Location salle conférence','2016-12-22',506.00,NULL),(862,'e22','201701','Achat de matériel de papèterie','2017-01-18',14.00,NULL),(863,'e22','201701','Achat de matériel de papèterie','2017-01-05',47.00,NULL),(864,'e22','201701','Taxi','2017-01-18',42.00,NULL),(865,'e22','201701','Traiteur, alimentation, boisson','2017-01-21',99.00,NULL),(866,'e22','201702','Voyage SNCF','2017-02-25',69.00,NULL),(867,'e22','201702','Frais vestimentaire/représentation','2017-02-15',142.00,NULL),(868,'e22','201703','Taxi','2017-03-04',53.00,NULL),(869,'e22','201703','Location véhicule','2017-03-17',37.00,NULL),(870,'e22','201703','Frais vestimentaire/représentation','2017-03-03',89.00,NULL),(871,'e22','201703','Achat de matériel de papèterie','2017-03-03',25.00,NULL),(872,'e22','201703','Voyage SNCF','2017-03-07',72.00,NULL),(873,'e22','201704','Location équipement vidéo/sonore','2017-04-25',850.00,NULL),(874,'e22','201704','Achat de matériel de papèterie','2017-04-27',11.00,NULL),(875,'e22','201704','Frais vestimentaire/représentation','2017-04-08',151.00,NULL),(876,'e22','201705','Achat de matériel de papèterie','2017-05-01',22.00,NULL),(877,'e22','201705','Location salle conférence','2017-05-13',472.00,NULL),(878,'e22','201705','Location équipement vidéo/sonore','2017-05-20',588.00,NULL),(879,'e22','201705','Traiteur, alimentation, boisson','2017-05-25',192.00,NULL),(880,'e22','201706','Repas avec praticien','2017-06-05',39.00,NULL),(881,'e22','201706','Rémunération intervenant/spécialiste','2017-06-25',911.00,NULL),(882,'e22','201706','Achat de matériel de papèterie','2017-06-25',32.00,NULL),(883,'e22','201706','Achat de matériel de papèterie','2017-06-23',44.00,NULL),(884,'e22','201706','Location salle conférence','2017-06-26',234.00,NULL),(885,'e22','201706','Taxi','2017-06-17',59.00,NULL),(886,'e22','201707','Location véhicule','2017-07-06',212.00,NULL),(887,'e22','201707','Frais vestimentaire/représentation','2017-07-04',300.00,NULL),(888,'e22','201707','Voyage SNCF','2017-07-19',108.00,NULL),(889,'e22','201708','Voyage SNCF','2017-08-19',35.00,NULL),(890,'e22','201708','Repas avec praticien','2017-08-08',44.00,NULL),(891,'e22','201708','Location véhicule','2017-08-27',249.00,NULL),(892,'e22','201708','Location véhicule','2017-08-07',436.00,NULL),(893,'e22','201709','Repas avec praticien','2017-09-03',34.00,NULL),(894,'e22','201709','Taxi','2017-09-10',36.00,NULL),(895,'e22','201709','Location salle conférence','2017-09-20',511.00,NULL),(896,'e22','201709','Voyage SNCF','2017-09-06',145.00,NULL),(897,'e22','201709','Frais vestimentaire/représentation','2017-09-06',240.00,NULL),(898,'e22','201710','Repas avec praticien','2017-10-26',40.00,NULL),(899,'e24','201609','Traiteur, alimentation, boisson','2016-09-14',123.00,NULL),(900,'e24','201609','Location équipement vidéo/sonore','2016-09-26',647.00,NULL),(901,'e24','201609','Location équipement vidéo/sonore','2016-09-01',787.00,NULL),(902,'e24','201610','Frais vestimentaire/représentation','2016-10-17',196.00,NULL),(903,'e24','201610','Voyage SNCF','2016-10-06',45.00,NULL),(904,'e24','201611','Achat de matériel de papèterie','2016-11-07',19.00,NULL),(905,'e24','201611','Rémunération intervenant/spécialiste','2016-11-22',858.00,NULL),(906,'e24','201611','Taxi','2016-11-11',60.00,NULL),(907,'e24','201611','Voyage SNCF','2016-11-08',112.00,NULL),(908,'e24','201612','Traiteur, alimentation, boisson','2016-12-09',386.00,NULL),(909,'e24','201612','Location équipement vidéo/sonore','2016-12-13',507.00,NULL),(910,'e24','201612','Achat de matériel de papèterie','2016-12-15',44.00,NULL),(911,'e24','201612','Rémunération intervenant/spécialiste','2016-12-01',772.00,NULL),(912,'e24','201612','Achat de matériel de papèterie','2016-12-27',19.00,NULL),(913,'e24','201701','Location salle conférence','2017-01-04',329.00,NULL),(914,'e24','201701','Location véhicule','2017-01-24',424.00,NULL),(915,'e24','201701','Location salle conférence','2017-01-25',131.00,NULL),(916,'e24','201701','Location équipement vidéo/sonore','2017-01-04',683.00,NULL),(917,'e24','201701','Location équipement vidéo/sonore','2017-01-13',108.00,NULL),(918,'e24','201702','Location équipement vidéo/sonore','2017-02-08',595.00,NULL),(919,'e24','201702','Voyage SNCF','2017-02-14',81.00,NULL),(920,'e24','201702','Traiteur, alimentation, boisson','2017-02-24',95.00,NULL),(921,'e24','201702','Rémunération intervenant/spécialiste','2017-02-20',582.00,NULL),(922,'e24','201703','Repas avec praticien','2017-03-14',46.00,NULL),(923,'e24','201703','Location équipement vidéo/sonore','2017-03-22',583.00,NULL),(924,'e24','201703','Voyage SNCF','2017-03-10',31.00,NULL),(925,'e24','201703','Rémunération intervenant/spécialiste','2017-03-11',514.00,NULL),(926,'e24','201704','Taxi','2017-04-13',64.00,NULL),(927,'e24','201704','Taxi','2017-04-10',79.00,NULL),(928,'e24','201705','Rémunération intervenant/spécialiste','2017-05-15',630.00,NULL),(929,'e24','201706','Taxi','2017-06-18',46.00,NULL),(930,'e24','201706','Repas avec praticien','2017-06-16',32.00,NULL),(931,'e24','201706','Location équipement vidéo/sonore','2017-06-02',687.00,NULL),(932,'e24','201706','Voyage SNCF','2017-06-06',113.00,NULL),(933,'e24','201707','Taxi','2017-07-04',58.00,NULL),(934,'e24','201707','Taxi','2017-07-09',50.00,NULL),(935,'e24','201707','Location véhicule','2017-07-10',418.00,NULL),(936,'e24','201708','Taxi','2017-08-13',66.00,NULL),(937,'e24','201708','Traiteur, alimentation, boisson','2017-08-03',183.00,NULL),(938,'e24','201708','Rémunération intervenant/spécialiste','2017-08-05',884.00,NULL),(939,'e24','201708','Traiteur, alimentation, boisson','2017-08-20',313.00,NULL),(940,'e24','201708','Location équipement vidéo/sonore','2017-08-13',232.00,NULL),(941,'e24','201709','Frais vestimentaire/représentation','2017-09-12',88.00,NULL),(942,'e24','201709','Voyage SNCF','2017-09-11',131.00,NULL),(943,'e24','201710','Frais vestimentaire/représentation','2017-10-05',128.00,NULL),(944,'e24','201710','Location salle conférence','2017-10-10',477.00,NULL),(945,'e24','201710','Location salle conférence','2017-10-10',566.00,NULL),(946,'e24','201710','Location véhicule','2017-10-11',189.00,NULL),(947,'e39','201609','Repas avec praticien','2016-09-28',50.00,NULL),(948,'e39','201610','Traiteur, alimentation, boisson','2016-10-03',267.00,NULL),(949,'e39','201610','Taxi','2016-10-27',59.00,NULL),(950,'e39','201611','Voyage SNCF','2016-11-14',33.00,NULL),(951,'e39','201611','Frais vestimentaire/représentation','2016-11-21',375.00,NULL),(952,'e39','201611','Repas avec praticien','2016-11-21',47.00,NULL),(953,'e39','201611','Location salle conférence','2016-11-24',468.00,NULL),(954,'e39','201612','Rémunération intervenant/spécialiste','2016-12-11',642.00,NULL),(955,'e39','201701','Location équipement vidéo/sonore','2017-01-09',519.00,NULL),(956,'e39','201701','Achat de matériel de papèterie','2017-01-23',20.00,NULL),(957,'e39','201702','Location salle conférence','2017-02-11',191.00,NULL),(958,'e39','201702','Repas avec praticien','2017-02-02',48.00,NULL),(959,'e39','201702','Repas avec praticien','2017-02-02',33.00,NULL),(960,'e39','201702','Achat de matériel de papèterie','2017-02-27',46.00,NULL),(961,'e39','201702','Frais vestimentaire/représentation','2017-02-22',400.00,NULL),(962,'e39','201702','Location véhicule','2017-02-14',440.00,NULL),(963,'e39','201703','Rémunération intervenant/spécialiste','2017-03-14',378.00,NULL),(964,'e39','201703','Location véhicule','2017-03-25',351.00,NULL),(965,'e39','201703','Frais vestimentaire/représentation','2017-03-28',435.00,NULL),(966,'e39','201703','Taxi','2017-03-27',56.00,NULL),(967,'e39','201703','Rémunération intervenant/spécialiste','2017-03-12',764.00,NULL),(968,'e39','201703','Repas avec praticien','2017-03-25',42.00,NULL),(969,'e39','201704','Location véhicule','2017-04-20',119.00,NULL),(970,'e39','201705','Location équipement vidéo/sonore','2017-05-27',344.00,NULL),(971,'e39','201705','Location salle conférence','2017-05-08',305.00,NULL),(972,'e39','201705','Repas avec praticien','2017-05-26',49.00,NULL),(973,'e39','201706','Achat de matériel de papèterie','2017-06-04',35.00,NULL),(974,'e39','201706','Voyage SNCF','2017-06-16',85.00,NULL),(975,'e39','201706','Taxi','2017-06-04',21.00,NULL),(976,'e39','201706','Traiteur, alimentation, boisson','2017-06-15',51.00,NULL),(977,'e39','201706','Voyage SNCF','2017-06-10',124.00,NULL),(978,'e39','201707','Rémunération intervenant/spécialiste','2017-07-07',434.00,NULL),(979,'e39','201707','Voyage SNCF','2017-07-23',37.00,NULL),(980,'e39','201707','Repas avec praticien','2017-07-24',46.00,NULL),(981,'e39','201708','Frais vestimentaire/représentation','2017-08-09',79.00,NULL),(982,'e39','201708','Rémunération intervenant/spécialiste','2017-08-14',1106.00,NULL),(983,'e39','201708','Location salle conférence','2017-08-27',357.00,NULL),(984,'e39','201709','Location véhicule','2017-09-14',113.00,NULL),(985,'e39','201709','Repas avec praticien','2017-09-22',48.00,NULL),(986,'e39','201709','Traiteur, alimentation, boisson','2017-09-06',35.00,NULL),(987,'e39','201710','Traiteur, alimentation, boisson','2017-10-02',170.00,NULL),(988,'e39','201710','Achat de matériel de papèterie','2017-10-18',32.00,NULL),(989,'e39','201710','Achat de matériel de papèterie','2017-10-26',18.00,NULL),(990,'e49','201609','Rémunération intervenant/spécialiste','2016-09-18',648.00,NULL),(991,'e49','201609','Repas avec praticien','2016-09-05',37.00,NULL),(992,'e49','201609','Taxi','2016-09-13',68.00,NULL),(993,'e49','201609','Taxi','2016-09-26',57.00,NULL),(994,'e49','201609','Traiteur, alimentation, boisson','2016-09-08',47.00,NULL),(995,'e49','201609','Voyage SNCF','2016-09-12',46.00,NULL),(996,'e49','201610','Achat de matériel de papèterie','2016-10-19',38.00,NULL),(997,'e49','201610','Location véhicule','2016-10-15',381.00,NULL),(998,'e49','201611','Achat de matériel de papèterie','2016-11-10',22.00,NULL),(999,'e49','201611','Location équipement vidéo/sonore','2016-11-17',571.00,NULL),(1000,'e49','201612','Voyage SNCF','2016-12-12',70.00,NULL),(1001,'e49','201612','Achat de matériel de papèterie','2016-12-08',41.00,NULL),(1002,'e49','201701','Location salle conférence','2017-01-16',502.00,NULL),(1003,'e49','201701','Repas avec praticien','2017-01-28',34.00,NULL),(1004,'e49','201702','Location véhicule','2017-02-19',248.00,NULL),(1005,'e49','201702','Taxi','2017-02-26',53.00,NULL),(1006,'e49','201702','Voyage SNCF','2017-02-26',112.00,NULL),(1007,'e49','201702','Repas avec praticien','2017-02-14',35.00,NULL),(1008,'e49','201703','Achat de matériel de papèterie','2017-03-17',49.00,NULL),(1009,'e49','201703','Repas avec praticien','2017-03-25',46.00,NULL),(1010,'e49','201703','Voyage SNCF','2017-03-08',80.00,NULL),(1011,'e49','201703','Location véhicule','2017-03-11',75.00,NULL),(1012,'e49','201704','Achat de matériel de papèterie','2017-04-27',49.00,NULL),(1013,'e49','201704','Repas avec praticien','2017-04-01',46.00,NULL),(1014,'e49','201705','Location véhicule','2017-05-16',168.00,NULL),(1015,'e49','201705','Repas avec praticien','2017-05-21',49.00,NULL),(1016,'e49','201705','Frais vestimentaire/représentation','2017-05-28',207.00,NULL),(1017,'e49','201705','Location équipement vidéo/sonore','2017-05-26',773.00,NULL),(1018,'e49','201706','Achat de matériel de papèterie','2017-06-26',44.00,NULL),(1019,'e49','201706','Frais vestimentaire/représentation','2017-06-17',81.00,NULL),(1020,'e49','201706','Location salle conférence','2017-06-12',421.00,NULL),(1021,'e49','201706','Voyage SNCF','2017-06-17',133.00,NULL),(1022,'e49','201707','Location salle conférence','2017-07-16',253.00,NULL),(1023,'e49','201707','Taxi','2017-07-02',56.00,NULL),(1024,'e49','201708','Rémunération intervenant/spécialiste','2017-08-07',1194.00,NULL),(1025,'e49','201708','Taxi','2017-08-09',67.00,NULL),(1026,'e49','201708','Taxi','2017-08-17',24.00,NULL),(1027,'e49','201709','Taxi','2017-09-24',31.00,NULL),(1028,'e49','201709','Location véhicule','2017-09-16',338.00,NULL),(1029,'e49','201709','Achat de matériel de papèterie','2017-09-06',25.00,NULL),(1030,'e49','201710','Traiteur, alimentation, boisson','2017-10-11',86.00,NULL),(1031,'e49','201710','Location salle conférence','2017-10-25',501.00,NULL),(1032,'e49','201710','Traiteur, alimentation, boisson','2017-10-20',144.00,NULL),(1033,'e49','201710','Location véhicule','2017-10-09',376.00,NULL),(1034,'e5','201609','Rémunération intervenant/spécialiste','2016-09-27',525.00,NULL),(1035,'e5','201610','Rémunération intervenant/spécialiste','2016-10-04',1078.00,NULL),(1036,'e5','201610','Frais vestimentaire/représentation','2016-10-26',266.00,NULL),(1037,'e5','201610','Taxi','2016-10-03',54.00,NULL),(1038,'e5','201610','Taxi','2016-10-07',34.00,NULL),(1039,'e5','201610','Frais vestimentaire/représentation','2016-10-21',445.00,NULL),(1040,'e5','201611','Taxi','2016-11-02',48.00,NULL),(1041,'e5','201611','Location salle conférence','2016-11-26',200.00,NULL),(1042,'e5','201611','Repas avec praticien','2016-11-06',35.00,NULL),(1043,'e5','201612','Repas avec praticien','2016-12-15',40.00,NULL),(1044,'e5','201612','Frais vestimentaire/représentation','2016-12-02',417.00,NULL),(1045,'e5','201612','Rémunération intervenant/spécialiste','2016-12-01',803.00,NULL),(1046,'e5','201612','Location salle conférence','2016-12-01',530.00,NULL),(1047,'e5','201612','Achat de matériel de papèterie','2016-12-12',28.00,NULL),(1048,'e5','201612','Frais vestimentaire/représentation','2016-12-21',316.00,NULL),(1049,'e5','201701','Rémunération intervenant/spécialiste','2017-01-07',689.00,NULL),(1050,'e5','201701','Achat de matériel de papèterie','2017-01-24',47.00,NULL),(1051,'e5','201701','Traiteur, alimentation, boisson','2017-01-21',71.00,NULL),(1052,'e5','201701','Achat de matériel de papèterie','2017-01-27',17.00,NULL),(1053,'e5','201702','Achat de matériel de papèterie','2017-02-25',24.00,NULL),(1054,'e5','201702','Location équipement vidéo/sonore','2017-02-14',454.00,NULL),(1055,'e5','201703','Taxi','2017-03-17',26.00,NULL),(1056,'e5','201703','Voyage SNCF','2017-03-23',45.00,NULL),(1057,'e5','201704','Taxi','2017-04-06',79.00,NULL),(1058,'e5','201704','Taxi','2017-04-16',59.00,NULL),(1059,'e5','201704','Location véhicule','2017-04-06',280.00,NULL),(1060,'e5','201705','Achat de matériel de papèterie','2017-05-08',32.00,NULL),(1061,'e5','201705','Taxi','2017-05-03',39.00,NULL),(1062,'e5','201705','Taxi','2017-05-02',58.00,NULL),(1063,'e5','201705','Location véhicule','2017-05-02',103.00,NULL),(1064,'e5','201706','Location salle conférence','2017-06-22',277.00,NULL),(1065,'e5','201706','Repas avec praticien','2017-06-04',42.00,NULL),(1066,'e5','201706','Location salle conférence','2017-06-27',393.00,NULL),(1067,'e5','201706','Location équipement vidéo/sonore','2017-06-26',348.00,NULL),(1068,'e5','201706','Location salle conférence','2017-06-04',577.00,NULL),(1069,'e5','201707','Voyage SNCF','2017-07-03',82.00,NULL),(1070,'e5','201707','Location véhicule','2017-07-21',258.00,NULL),(1071,'e5','201707','Frais vestimentaire/représentation','2017-07-03',345.00,NULL),(1072,'e5','201708','Traiteur, alimentation, boisson','2017-08-08',205.00,NULL),(1073,'e5','201708','Voyage SNCF','2017-08-04',50.00,NULL),(1074,'e5','201708','Frais vestimentaire/représentation','2017-08-05',56.00,NULL),(1075,'e5','201709','Location salle conférence','2017-09-22',402.00,NULL),(1076,'e5','201709','Location véhicule','2017-09-25',282.00,NULL),(1077,'e5','201709','Voyage SNCF','2017-09-23',142.00,NULL),(1078,'e5','201709','Voyage SNCF','2017-09-24',89.00,NULL),(1079,'e5','201710','Voyage SNCF','2017-10-11',71.00,NULL),(1080,'e5','201710','Achat de matériel de papèterie','2017-10-04',21.00,NULL),(1081,'e5','201710','Location équipement vidéo/sonore','2017-10-23',455.00,NULL),(1082,'e5','201710','Voyage SNCF','2017-10-06',109.00,NULL),(1083,'e5','201710','Voyage SNCF','2017-10-10',79.00,NULL),(1084,'e5','201710','Achat de matériel de papèterie','2017-10-17',28.00,NULL),(1085,'e52','201609','Rémunération intervenant/spécialiste','2016-09-03',258.00,NULL),(1086,'e52','201609','Voyage SNCF','2016-09-13',102.00,NULL),(1087,'e52','201610','Frais vestimentaire/représentation','2016-10-23',243.00,NULL),(1088,'e52','201610','Location véhicule','2016-10-22',427.00,NULL),(1089,'e52','201610','Achat de matériel de papèterie','2016-10-19',38.00,NULL),(1090,'e52','201611','Taxi','2016-11-19',24.00,NULL),(1091,'e52','201611','Location équipement vidéo/sonore','2016-11-12',484.00,NULL),(1092,'e52','201611','Repas avec praticien','2016-11-22',38.00,NULL),(1093,'e52','201611','Rémunération intervenant/spécialiste','2016-11-09',617.00,NULL),(1094,'e52','201612','Achat de matériel de papèterie','2016-12-26',26.00,NULL),(1095,'e52','201612','Achat de matériel de papèterie','2016-12-09',27.00,NULL),(1096,'e52','201701','Repas avec praticien','2017-01-01',31.00,NULL),(1097,'e52','201701','Frais vestimentaire/représentation','2017-01-13',44.00,NULL),(1098,'e52','201701','Frais vestimentaire/représentation','2017-01-11',262.00,NULL),(1099,'e52','201701','Location salle conférence','2017-01-07',235.00,NULL),(1100,'e52','201701','Location équipement vidéo/sonore','2017-01-05',252.00,NULL),(1101,'e52','201702','Location salle conférence','2017-02-23',523.00,NULL),(1102,'e52','201703','Repas avec praticien','2017-03-17',38.00,NULL),(1103,'e52','201703','Location véhicule','2017-03-28',377.00,NULL),(1104,'e52','201703','Voyage SNCF','2017-03-16',109.00,NULL),(1105,'e52','201703','Location équipement vidéo/sonore','2017-03-26',848.00,NULL),(1106,'e52','201704','Location équipement vidéo/sonore','2017-04-08',144.00,NULL),(1107,'e52','201704','Taxi','2017-04-05',31.00,NULL),(1108,'e52','201704','Location véhicule','2017-04-26',450.00,NULL),(1109,'e52','201705','Achat de matériel de papèterie','2017-05-08',34.00,NULL),(1110,'e52','201705','Location équipement vidéo/sonore','2017-05-07',398.00,NULL),(1111,'e52','201706','Location équipement vidéo/sonore','2017-06-17',171.00,NULL),(1112,'e52','201707','Rémunération intervenant/spécialiste','2017-07-25',593.00,NULL),(1113,'e52','201707','Achat de matériel de papèterie','2017-07-23',28.00,NULL),(1114,'e52','201707','Location véhicule','2017-07-16',266.00,NULL),(1115,'e52','201707','Voyage SNCF','2017-07-23',118.00,NULL),(1116,'e52','201707','Frais vestimentaire/représentation','2017-07-06',28.00,NULL),(1117,'e52','201708','Taxi','2017-08-14',49.00,NULL),(1118,'e52','201708','Location équipement vidéo/sonore','2017-08-14',203.00,NULL),(1119,'e52','201709','Rémunération intervenant/spécialiste','2017-09-05',538.00,NULL),(1120,'e52','201709','Frais vestimentaire/représentation','2017-09-19',391.00,NULL),(1121,'e52','201709','Repas avec praticien','2017-09-17',30.00,NULL),(1122,'e52','201710','Taxi','2017-10-22',70.00,NULL),(1123,'e52','201710','Rémunération intervenant/spécialiste','2017-10-12',259.00,NULL),(1124,'e52','201710','Location véhicule','2017-10-23',129.00,NULL),(1125,'f21','201609','Repas avec praticien','2016-09-03',45.00,NULL),(1126,'f21','201610','Location véhicule','2016-10-26',52.00,NULL),(1127,'f21','201610','Taxi','2016-10-15',77.00,NULL),(1128,'f21','201610','Rémunération intervenant/spécialiste','2016-10-16',500.00,NULL),(1129,'f21','201610','Frais vestimentaire/représentation','2016-10-09',193.00,NULL),(1130,'f21','201611','Location équipement vidéo/sonore','2016-11-12',484.00,NULL),(1131,'f21','201611','Rémunération intervenant/spécialiste','2016-11-28',930.00,NULL),(1132,'f21','201611','Taxi','2016-11-06',24.00,NULL),(1133,'f21','201612','Rémunération intervenant/spécialiste','2016-12-02',1118.00,NULL),(1134,'f21','201612','Voyage SNCF','2016-12-24',101.00,NULL),(1135,'f21','201701','Location véhicule','2017-01-04',413.00,NULL),(1136,'f21','201701','Rémunération intervenant/spécialiste','2017-01-08',780.00,NULL),(1137,'f21','201701','Location salle conférence','2017-01-27',499.00,NULL),(1138,'f21','201701','Location équipement vidéo/sonore','2017-01-13',105.00,NULL),(1139,'f21','201702','Frais vestimentaire/représentation','2017-02-09',265.00,NULL),(1140,'f21','201703','Repas avec praticien','2017-03-02',36.00,NULL),(1141,'f21','201703','Traiteur, alimentation, boisson','2017-03-01',215.00,NULL),(1142,'f21','201704','Voyage SNCF','2017-04-23',77.00,NULL),(1143,'f21','201705','Repas avec praticien','2017-05-14',39.00,NULL),(1144,'f21','201705','Location véhicule','2017-05-20',260.00,NULL),(1145,'f21','201706','Location équipement vidéo/sonore','2017-06-21',160.00,NULL),(1146,'f21','201706','Location équipement vidéo/sonore','2017-06-03',310.00,NULL),(1147,'f21','201707','Repas avec praticien','2017-07-06',43.00,NULL),(1148,'f21','201707','Location véhicule','2017-07-25',436.00,NULL),(1149,'f21','201707','Location équipement vidéo/sonore','2017-07-03',133.00,NULL),(1150,'f21','201708','Traiteur, alimentation, boisson','2017-08-13',352.00,NULL),(1151,'f21','201708','Rémunération intervenant/spécialiste','2017-08-12',257.00,NULL),(1152,'f21','201708','Achat de matériel de papèterie','2017-08-07',44.00,NULL),(1153,'f21','201708','Achat de matériel de papèterie','2017-08-16',29.00,NULL),(1154,'f21','201709','Taxi','2017-09-25',24.00,NULL),(1155,'f21','201710','Traiteur, alimentation, boisson','2017-10-13',395.00,NULL),(1156,'f21','201710','Traiteur, alimentation, boisson','2017-10-09',230.00,NULL),(1157,'f21','201710','Location salle conférence','2017-10-14',169.00,NULL),(1158,'f39','201609','Voyage SNCF','2016-09-08',137.00,NULL),(1159,'f39','201609','Rémunération intervenant/spécialiste','2016-09-08',969.00,NULL),(1160,'f39','201609','Location salle conférence','2016-09-15',327.00,NULL),(1161,'f39','201609','Location salle conférence','2016-09-25',182.00,NULL),(1162,'f39','201609','Location équipement vidéo/sonore','2016-09-04',655.00,NULL),(1163,'f39','201609','Voyage SNCF','2016-09-14',146.00,NULL),(1164,'f39','201610','Achat de matériel de papèterie','2016-10-07',14.00,NULL),(1165,'f39','201610','Location salle conférence','2016-10-19',195.00,NULL),(1166,'f39','201610','Repas avec praticien','2016-10-09',43.00,NULL),(1167,'f39','201610','Traiteur, alimentation, boisson','2016-10-01',229.00,NULL),(1168,'f39','201611','Frais vestimentaire/représentation','2016-11-08',423.00,NULL),(1169,'f39','201611','Rémunération intervenant/spécialiste','2016-11-23',951.00,NULL),(1170,'f39','201611','Taxi','2016-11-01',72.00,NULL),(1171,'f39','201611','Location véhicule','2016-11-04',158.00,NULL),(1172,'f39','201611','Taxi','2016-11-14',63.00,NULL),(1173,'f39','201612','Achat de matériel de papèterie','2016-12-11',19.00,NULL),(1174,'f39','201612','Achat de matériel de papèterie','2016-12-25',17.00,NULL),(1175,'f39','201612','Achat de matériel de papèterie','2016-12-04',43.00,NULL),(1176,'f39','201612','Rémunération intervenant/spécialiste','2016-12-13',478.00,NULL),(1177,'f39','201701','Repas avec praticien','2017-01-06',48.00,NULL),(1178,'f39','201701','Rémunération intervenant/spécialiste','2017-01-18',1190.00,NULL),(1179,'f39','201701','Location équipement vidéo/sonore','2017-01-27',444.00,NULL),(1180,'f39','201702','Voyage SNCF','2017-02-26',96.00,NULL),(1181,'f39','201702','Taxi','2017-02-09',79.00,NULL),(1182,'f39','201702','Voyage SNCF','2017-02-27',56.00,NULL),(1183,'f39','201703','Traiteur, alimentation, boisson','2017-03-17',446.00,NULL),(1184,'f39','201703','Location véhicule','2017-03-18',164.00,NULL),(1185,'f39','201703','Location salle conférence','2017-03-03',508.00,NULL),(1186,'f39','201703','Traiteur, alimentation, boisson','2017-03-14',210.00,NULL),(1187,'f39','201703','Rémunération intervenant/spécialiste','2017-03-10',1122.00,NULL),(1188,'f39','201704','Traiteur, alimentation, boisson','2017-04-06',448.00,NULL),(1189,'f39','201704','Frais vestimentaire/représentation','2017-04-23',214.00,NULL),(1190,'f39','201704','Traiteur, alimentation, boisson','2017-04-21',326.00,NULL),(1191,'f39','201704','Location véhicule','2017-04-06',282.00,NULL),(1192,'f39','201704','Taxi','2017-04-24',25.00,NULL),(1193,'f39','201705','Location salle conférence','2017-05-12',632.00,NULL),(1194,'f39','201706','Location véhicule','2017-06-25',224.00,NULL),(1195,'f39','201706','Location véhicule','2017-06-02',117.00,NULL),(1196,'f39','201706','Location salle conférence','2017-06-05',452.00,NULL),(1197,'f39','201706','Rémunération intervenant/spécialiste','2017-06-20',675.00,NULL),(1198,'f39','201706','Repas avec praticien','2017-06-07',49.00,NULL),(1199,'f39','201707','Rémunération intervenant/spécialiste','2017-07-08',810.00,NULL),(1200,'f39','201707','Rémunération intervenant/spécialiste','2017-07-11',993.00,NULL),(1201,'f39','201708','Achat de matériel de papèterie','2017-08-15',29.00,NULL),(1202,'f39','201708','Location équipement vidéo/sonore','2017-08-18',569.00,NULL),(1203,'f39','201708','Location véhicule','2017-08-22',101.00,NULL),(1204,'f39','201708','Frais vestimentaire/représentation','2017-08-11',332.00,NULL),(1205,'f39','201708','Rémunération intervenant/spécialiste','2017-08-27',873.00,NULL),(1206,'f39','201709','Frais vestimentaire/représentation','2017-09-25',225.00,NULL),(1207,'f39','201709','Rémunération intervenant/spécialiste','2017-09-18',842.00,NULL),(1208,'f39','201710','Location équipement vidéo/sonore','2017-10-07',473.00,NULL),(1209,'f39','201710','Taxi','2017-10-13',72.00,NULL),(1210,'f39','201710','Location équipement vidéo/sonore','2017-10-02',611.00,NULL),(1211,'f39','201710','Voyage SNCF','2017-10-09',55.00,NULL),(1212,'f39','201710','Taxi','2017-10-01',66.00,NULL),(1213,'f4','201609','Traiteur, alimentation, boisson','2016-09-11',271.00,NULL),(1214,'f4','201609','Traiteur, alimentation, boisson','2016-09-27',75.00,NULL),(1215,'f4','201609','Location équipement vidéo/sonore','2016-09-03',183.00,NULL),(1216,'f4','201609','Location salle conférence','2016-09-23',523.00,NULL),(1217,'f4','201609','Achat de matériel de papèterie','2016-09-18',22.00,NULL),(1218,'f4','201610','Traiteur, alimentation, boisson','2016-10-27',332.00,NULL),(1219,'f4','201611','Location équipement vidéo/sonore','2016-11-04',830.00,NULL),(1220,'f4','201611','Achat de matériel de papèterie','2016-11-26',45.00,NULL),(1221,'f4','201611','Taxi','2016-11-19',60.00,NULL),(1222,'f4','201611','Location véhicule','2016-11-12',300.00,NULL),(1223,'f4','201611','Repas avec praticien','2016-11-20',43.00,NULL),(1224,'f4','201612','Traiteur, alimentation, boisson','2016-12-22',338.00,NULL),(1225,'f4','201612','Achat de matériel de papèterie','2016-12-11',35.00,NULL),(1226,'f4','201612','Taxi','2016-12-10',58.00,NULL),(1227,'f4','201612','Location équipement vidéo/sonore','2016-12-09',819.00,NULL),(1228,'f4','201612','Taxi','2016-12-08',63.00,NULL),(1229,'f4','201612','Traiteur, alimentation, boisson','2016-12-09',245.00,NULL),(1230,'f4','201701','Traiteur, alimentation, boisson','2017-01-10',314.00,NULL),(1231,'f4','201701','Voyage SNCF','2017-01-24',101.00,NULL),(1232,'f4','201701','Frais vestimentaire/représentation','2017-01-20',277.00,NULL),(1233,'f4','201701','Traiteur, alimentation, boisson','2017-01-19',31.00,NULL),(1234,'f4','201701','Voyage SNCF','2017-01-24',81.00,NULL),(1235,'f4','201702','Traiteur, alimentation, boisson','2017-02-27',245.00,NULL),(1236,'f4','201702','Location véhicule','2017-02-16',267.00,NULL),(1237,'f4','201702','Repas avec praticien','2017-02-26',41.00,NULL),(1238,'f4','201703','Taxi','2017-03-13',58.00,NULL),(1239,'f4','201703','Location équipement vidéo/sonore','2017-03-25',148.00,NULL),(1240,'f4','201703','Voyage SNCF','2017-03-19',79.00,NULL),(1241,'f4','201703','Voyage SNCF','2017-03-25',137.00,NULL),(1242,'f4','201703','Traiteur, alimentation, boisson','2017-03-01',144.00,NULL),(1243,'f4','201703','Traiteur, alimentation, boisson','2017-03-11',441.00,NULL),(1244,'f4','201704','Traiteur, alimentation, boisson','2017-04-14',194.00,NULL),(1245,'f4','201704','Taxi','2017-04-27',36.00,NULL),(1246,'f4','201704','Location véhicule','2017-04-19',262.00,NULL),(1247,'f4','201704','Taxi','2017-04-27',34.00,NULL),(1248,'f4','201704','Taxi','2017-04-23',39.00,NULL),(1249,'f4','201705','Location véhicule','2017-05-09',376.00,NULL),(1250,'f4','201705','Location véhicule','2017-05-24',70.00,NULL),(1251,'f4','201706','Traiteur, alimentation, boisson','2017-06-27',416.00,NULL),(1252,'f4','201706','Location salle conférence','2017-06-22',508.00,NULL),(1253,'f4','201706','Taxi','2017-06-06',79.00,NULL),(1254,'f4','201706','Traiteur, alimentation, boisson','2017-06-10',172.00,NULL),(1255,'f4','201706','Rémunération intervenant/spécialiste','2017-06-19',1124.00,NULL),(1256,'f4','201707','Location équipement vidéo/sonore','2017-07-09',369.00,NULL),(1257,'f4','201707','Location équipement vidéo/sonore','2017-07-14',755.00,NULL),(1258,'f4','201707','Location équipement vidéo/sonore','2017-07-17',822.00,NULL),(1259,'f4','201707','Traiteur, alimentation, boisson','2017-07-12',312.00,NULL),(1260,'f4','201707','Taxi','2017-07-24',57.00,NULL),(1261,'f4','201708','Location salle conférence','2017-08-23',560.00,NULL),(1262,'f4','201708','Location véhicule','2017-08-03',230.00,NULL),(1263,'f4','201708','Voyage SNCF','2017-08-03',111.00,NULL),(1264,'f4','201708','Location équipement vidéo/sonore','2017-08-02',410.00,NULL),(1265,'f4','201708','Location salle conférence','2017-08-15',468.00,NULL),(1266,'f4','201709','Taxi','2017-09-08',28.00,NULL),(1267,'f4','201709','Traiteur, alimentation, boisson','2017-09-02',369.00,NULL),(1268,'f4','201709','Rémunération intervenant/spécialiste','2017-09-22',699.00,NULL),(1269,'f4','201709','Location équipement vidéo/sonore','2017-09-10',189.00,NULL),(1270,'f4','201709','Location salle conférence','2017-09-19',142.00,NULL),(1271,'f4','201710','Frais vestimentaire/représentation','2017-10-11',389.00,NULL),(1272,'f4','201710','REFUSE-Taxi','2017-10-20',42.00,1),(1273,'f4','201710','Traiteur, alimentation, boisson','2017-10-06',363.00,NULL),(1274,'f4','201710','Repas avec praticien','2017-10-08',46.00,NULL),(1275,'b25','201802','garagiste','2018-02-10',125.55,NULL),(1277,'b25','201802','billet vol aller-retour Paris-Lille','2018-02-15',200.00,NULL),(1279,'b25','201802','location voiture','2018-02-17',250.00,NULL),(1282,'b25','201710','facture reception clients','2017-10-27',400.00,NULL),(1293,'a55','201710','restaurant gastronomique','1999-12-31',150.00,NULL),(1294,'b13','201710','restaurant gastronomique','1999-12-31',150.00,NULL),(1295,'a17','201710','REFUSE-restaurant gastronomique','1999-12-31',150.00,1),(1296,'b16','201710','REFUSE-restaurant gastronomique','2017-10-31',150.00,1),(1297,'b16','201710','REFUSE-vol aller-retour Paris-Bordeaux','2017-10-31',140.00,1),(1298,'b16','201711','vol aller-retour Paris-Bordeaux','2017-10-31',140.00,NULL),(1299,'b16','201711','REFUSE-restaurant gastronomique','2017-10-31',150.00,1),(1300,'b16','201712','REFUSE-restaurant gastronomique','2017-10-31',150.00,1),(1301,'b50','201802','garagiste','2018-02-15',150.00,NULL),(1302,'b50','201802','Repas avec praticien','2018-02-10',80.00,NULL),(1303,'b50','201802','Rémunération intervenant/spécialiste','2018-02-17',120.00,NULL),(1305,'b50','201802','Voyage SNCF','2018-02-03',60.00,NULL),(1306,'b25','201802','Location équipement vidéo/sonore','2018-02-21',90.00,NULL),(1307,'b25','201802','Taxi','2018-02-24',50.00,NULL),(1308,'b16','201802','Location véhicule','2018-02-02',150.00,NULL),(1309,'b16','201802','garagiste','2018-02-06',180.00,NULL),(1310,'b16','201802','Frais vestimentaire/représentation','2018-02-17',80.00,NULL),(1311,'b16','201802','voyage sncf','2018-02-24',40.00,NULL),(1312,'b16','201802','Location salle conférence','2018-02-23',220.00,NULL),(1313,'b16','201802','Traiteur, alimentation, boisson','2018-02-26',145.00,NULL),(1314,'c14','201802','Location salle conférence','2018-02-02',110.00,NULL),(1315,'c14','201802','Location équipement vidéo/sonore','2018-02-02',85.00,NULL),(1316,'c14','201802','Taxi','2018-02-17',65.00,NULL),(1317,'c14','201802','Location véhicule','2018-02-24',135.00,NULL),(1318,'c14','201802','essence','2018-02-26',70.00,NULL),(1319,'c14','201802','garagiste','2018-02-27',70.00,NULL),(1320,'c3','201802','Voyage SNCF','2018-02-03',45.00,NULL),(1321,'c3','201802','Location véhicule','2018-02-10',128.00,NULL),(1323,'c3','201802','location videoprojecteur, matériel sonorisation','2018-02-24',70.00,NULL),(1324,'c3','201802','location ordinateur','2018-02-23',70.00,NULL),(1325,'c3','201802','taxi','2018-02-25',40.00,NULL),(1326,'c3','201802','billet avion','2018-02-23',100.00,NULL),(1327,'a17','201802','garagiste','2018-02-10',80.00,NULL),(1328,'a17','201802','taxi','2018-02-16',30.00,NULL),(1331,'a17','201711','REFUSE-restaurant gastronomique','1999-12-31',150.00,1),(1332,'b19','201710','Taxi','2017-10-16',35.00,NULL),(1334,'b19','201710','Location salle conférence','2017-10-20',307.00,NULL),(1335,'b19','201710','Traiteur, alimentation, boisson','2017-10-20',297.00,NULL),(1336,'b19','201710','REFUSE-Repas avec praticien','2017-10-15',38.00,1),(1337,'b19','201711','Location salle conférence','2017-10-08',303.00,NULL),(1338,'b19','201711','Repas avec praticien','2017-10-15',38.00,NULL),(1339,'b25','201711','REFUSE-Taxi','2017-10-28',54.00,1),(1340,'b25','201711','REFUSE-Voyage SNCF','2017-10-28',108.00,1),(1341,'b25','201711','Achat de matériel de papèterie','2017-10-18',12.00,NULL),(1342,'b25','201802','frais réparation PC','2018-02-18',100.00,NULL),(1343,'a17','201711','REFUSE-Location véhicule','2017-10-04',341.00,1),(1347,'a17','201711','REFUSE-Location salle conférence','2017-10-24',593.00,1),(1349,'a17','201802','location véhicule','2018-02-17',90.00,NULL),(1351,'c3','201712','Traiteur, alimentation, boisson','2017-11-24',180.00,NULL),(1352,'c3','201712','Location salle conférence','2017-11-11',511.00,NULL),(1353,'c3','201712','Location équipement vidéo/sonore','2017-11-06',801.00,NULL),(1354,'c3','201712','Frais vestimentaire/représentation','2017-11-19',391.00,NULL),(1355,'b16','201711','Repas avec praticien','2017-10-09',35.00,NULL),(1356,'b16','201711','restaurant gastronomique','2017-10-31',150.00,NULL),(1357,'b25','201801','REFUSE-Voyage SNCF','2017-10-28',108.00,1),(1359,'b50','201709','Rémunération intervenant/spécialiste','2017-09-10',300.00,NULL),(1360,'b50','201709','Location salle conférence','2017-09-10',250.00,NULL),(1361,'b16','201712','REFUSE-Location salle conférence','2017-12-15',250.00,1),(1362,'b16','201712','REFUSE-Traiteur, alimentation, boisson','2017-12-15',180.00,1),(1365,'b16','201802','restaurant gastronomique','2017-10-31',150.00,NULL),(1366,'b16','201710','Location véhicule','2017-09-21',401.00,NULL),(1367,'b25','201711','REFUSE-Location véhicule','2017-10-20',175.00,1),(1368,'b25','201801','Location véhicule','2017-10-20',175.00,NULL),(1369,'a17','201802','Location salle conférence','2017-10-24',593.00,NULL),(1377,'a17','201802','billet d&#39;avion','2018-02-09',80.00,NULL),(1378,'a17','201711','Traiteur, alimentation, boisson','2017-11-15',180.00,NULL),(1379,'a17','201711','REFUSE-materiel papeterie','2017-11-15',35.00,1),(1380,'a17','201711','Location salle conférence','2017-11-15',320.00,NULL),(1381,'a17','201712','REFUSE-materiel papeterie','2017-11-15',35.00,1),(1382,'a17','201712','Location véhicule','2017-10-04',341.00,NULL),(1383,'a17','201801','REFUSE-materiel papeterie','2017-11-15',35.00,1),(1384,'a17','201802','materiel papeterie','2017-11-15',35.00,NULL),(1385,'a55','201711','REFUSE-Taxi','2017-10-02',58.00,1),(1386,'a55','201712','REFUSE-Taxi','2017-10-02',58.00,1),(1387,'a55','201801','REFUSE-Taxi','2017-10-02',58.00,1),(1388,'a55','201802','Taxi','2017-10-02',58.00,NULL),(1389,'a17','201712','restaurant gastronomique','1999-12-31',150.00,NULL),(1390,'b16','201801','Location salle conférence','2017-12-15',250.00,NULL),(1391,'b16','201801','Traiteur, alimentation, boisson','2017-12-15',180.00,NULL),(1392,'b25','201802','Voyage SNCF','2017-10-28',108.00,NULL),(1393,'b59','201711','REFUSE-Taxi','2017-10-13',80.00,1),(1394,'b59','201712','REFUSE-Taxi','2017-10-13',80.00,1),(1395,'b59','201801','REFUSE-Taxi','2017-10-13',80.00,1),(1396,'b59','201802','Taxi','2017-10-13',80.00,NULL),(1397,'b59','201711','REFUSE-Taxi','2017-10-14',53.00,1),(1398,'b59','201712','REFUSE-Taxi','2017-10-14',53.00,1),(1399,'b59','201801','REFUSE-Taxi','2017-10-14',53.00,1),(1400,'b59','201802','Taxi','2017-10-14',53.00,NULL),(1401,'b25','201712','Taxi','2017-10-28',54.00,NULL),(1402,'f4','201711','REFUSE-Taxi','2017-10-20',42.00,1),(1403,'f4','201712','REFUSE-Taxi','2017-10-20',42.00,1),(1404,'f4','201801','REFUSE-Taxi','2017-10-20',42.00,1),(1405,'f4','201802','Taxi','2017-10-20',42.00,NULL);
/*!40000 ALTER TABLE `lignefraishorsforfait` ENABLE KEYS */;
UNLOCK TABLES;

--
-- Table structure for table `visiteur`
--

DROP TABLE IF EXISTS `visiteur`;
/*!40101 SET @saved_cs_client     = @@character_set_client */;
/*!40101 SET character_set_client = utf8 */;
CREATE TABLE `visiteur` (
  `id` char(4) NOT NULL,
  `nom` char(30) DEFAULT NULL,
  `prenom` char(30) DEFAULT NULL,
  `login` char(20) DEFAULT NULL,
  `mdp` char(20) DEFAULT NULL,
  `adresse` char(30) DEFAULT NULL,
  `cp` char(5) DEFAULT NULL,
  `ville` char(30) DEFAULT NULL,
  `dateembauche` date DEFAULT NULL,
  `comptable` tinyint(1) NOT NULL DEFAULT '0',
  PRIMARY KEY (`id`)
) ENGINE=InnoDB DEFAULT CHARSET=latin1;
/*!40101 SET character_set_client = @saved_cs_client */;

--
-- Dumping data for table `visiteur`
--

LOCK TABLES `visiteur` WRITE;
/*!40000 ALTER TABLE `visiteur` DISABLE KEYS */;
INSERT INTO `visiteur` VALUES ('a131','Villechalane','Louis','lvillachane','jux7g','8 rue des Charmes','46000','Cahors','2005-12-21',0),('a17','Andre','David','dandre','oppg5','1 rue Petit','46200','Lalbenque','1998-11-23',0),('a55','Bedos','Christian','cbedos','gmhxd','1 rue Peranud','46250','Montcuq','1995-01-12',0),('a93','Tusseau','Louis','ltusseau','ktp3s','22 rue des Ternes','46123','Gramat','2000-05-01',0),('b13','Bentot','Pascal','pbentot','doyw1','11 allée des Cerises','46512','Bessines','1992-07-09',0),('b16','Bioret','Luc','lbioret','hrjfs','1 Avenue gambetta','46000','Cahors','1998-05-11',0),('b19','Bunisset','Francis','fbunisset','4vbnd','10 rue des Perles','93100','Montreuil','1987-10-21',0),('b25','Bunisset','Denise','dbunisset','s1y1r','23 rue Manin','75019','paris','2010-12-05',0),('b28','Cacheux','Bernard','bcacheux','uf7r3','114 rue Blanche','75017','Paris','2009-11-12',0),('b34','Cadic','Eric','ecadic','6u8dc','123 avenue de la République','75011','Paris','2008-09-23',0),('b4','Charoze','Catherine','ccharoze','u817o','100 rue Petit','75019','Paris','2005-11-12',0),('b50','Clepkens','Christophe','cclepkens','bw1us','12 allée des Anges','93230','Romainville','2003-08-11',0),('b59','Cottin','Vincenne','vcottin','2hoh9','36 rue Des Roches','93100','Monteuil','2001-11-18',0),('c14','Daburon','François','fdaburon','7oqpv','13 rue de Chanzy','94000','Créteil','2002-02-11',0),('c3','De','Philippe','pde','gk9kx','13 rue Barthes','94000','Créteil','2010-12-14',0),('c54','Debelle','Michel','mdebelle','od5rt','181 avenue Barbusse','93210','Rosny','2006-11-23',0),('ct01','Dupont','Pierre','piepont','zaza99','77 Rue du Trosy','92140','clamart','2011-09-01',1),('d13','Debelle','Jeanne','jdebelle','nvwqq','134 allée des Joncs','44000','Nantes','2000-05-11',0),('d51','Debroise','Michel','mdebroise','sghkb','2 Bld Jourdain','44000','Nantes','2001-04-17',0),('e22','Desmarquest','Nathalie','ndesmarquest','f1fob','14 Place d Arc','45000','Orléans','2005-11-12',0),('e24','Desnost','Pierre','pdesnost','4k2o5','16 avenue des Cèdres','23200','Guéret','2001-02-05',0),('e39','Dudouit','Frédéric','fdudouit','44im8','18 rue de l église','23120','GrandBourg','2000-08-01',0),('e49','Duncombe','Claude','cduncombe','qf77j','19 rue de la tour','23100','La souteraine','1987-10-10',0),('e5','Enault-Pascreau','Céline','cenault','y2qdu','25 place de la gare','23200','Gueret','1995-09-01',0),('e52','Eynde','Valérie','veynde','i7sn3','3 Grand Place','13015','Marseille','1999-11-01',0),('f21','Finck','Jacques','jfinck','mpb3t','10 avenue du Prado','13002','Marseille','2001-11-10',0),('f39','Frémont','Fernande','ffremont','xs5tq','4 route de la mer','13012','Allauh','1998-10-01',0),('f4','Gest','Alain','agest','dywvt','30 avenue de la mer','13025','Berre','1985-11-01',0);
/*!40000 ALTER TABLE `visiteur` ENABLE KEYS */;
UNLOCK TABLES;
/*!40103 SET TIME_ZONE=@OLD_TIME_ZONE */;

/*!40101 SET SQL_MODE=@OLD_SQL_MODE */;
/*!40014 SET FOREIGN_KEY_CHECKS=@OLD_FOREIGN_KEY_CHECKS */;
/*!40014 SET UNIQUE_CHECKS=@OLD_UNIQUE_CHECKS */;
/*!40101 SET CHARACTER_SET_CLIENT=@OLD_CHARACTER_SET_CLIENT */;
/*!40101 SET CHARACTER_SET_RESULTS=@OLD_CHARACTER_SET_RESULTS */;
/*!40101 SET COLLATION_CONNECTION=@OLD_COLLATION_CONNECTION */;
/*!40111 SET SQL_NOTES=@OLD_SQL_NOTES */;

-- Dump completed on 2018-02-24 20:52:24
